created_date_id,created_date
213,2023-10-09
266,2024-02-08
187,2023-08-03
200,2023-09-07
207,2023-09-28
284,2024-03-18
157,2023-05-06
-1,
149,2023-04-16
150,2023-04-20
116,2023-01-31
101,2022-11-29
135,2023-03-10
57,2022-04-17
192,2023-08-18
225,2023-10-30
245,2023-12-08
240,2023-11-27
231,2023-11-06
156,2023-05-05
217,2023-10-17
234,2023-11-13
137,2023-03-14
99,2022-11-20
215,2023-10-11
161,2023-05-23
204,2023-09-20
269,2024-02-15
208,2023-09-29
175,2023-06-20
299,2024-04-23
38,2021-12-06
193,2023-08-22
229,2023-11-03
271,2024-02-22
297,2024-04-15
153,2023-04-28
76,2022-08-22
182,2023-07-26
238,2023-11-21
227,2023-11-01
254,2024-01-19
253,2024-01-16
293,2024-04-03
268,2024-02-12
273,2024-02-26
206,2023-09-27
141,2023-03-21
235,2023-11-14
168,2023-06-01
133,2023-03-08
105,2022-12-07
107,2022-12-15
224,2023-10-27
210,2023-10-02
246,2023-12-12
12,2021-01-01
24,2021-06-04
16,2021-03-21
47,2022-02-02
81,2022-09-04
167,2023-05-31
216,2023-10-16
85,2022-09-20
23,2021-05-26
59,2022-04-28
66,2022-05-29
73,2022-08-04
177,2023-06-27
48,2022-02-26
265,2024-02-06
194,2023-08-23
176,2023-06-22
154,2023-05-02
239,2023-11-22
278,2024-03-07
155,2023-05-03
160,2023-05-15
248,2023-12-16
41,2021-12-23
42,2021-12-31
95,2022-10-27
129,2023-03-01
148,2023-04-13
188,2023-08-08
282,2024-03-13
267,2024-02-09
104,2022-12-06
165,2023-05-29
212,2023-10-05
288,2024-03-22
291,2024-04-01
301,2024-04-28
281,2024-03-12
203,2023-09-17
84,2022-09-16
211,2023-10-03
259,2024-01-26
221,2023-10-23
276,2024-03-01
189,2023-08-11
163,2023-05-26
283,2024-03-16
300,2024-04-24
158,2023-05-09
127,2023-02-24
275,2024-02-28
174,2023-06-16
260,2024-01-30
152,2023-04-26
5,2019-10-23
7,2019-11-25
2,2018-07-01
15,2021-02-17
25,2021-06-18
52,2022-04-04
93,2022-10-20
63,2022-05-10
69,2022-06-22
65,2022-05-23
58,2022-04-22
109,2022-12-26
31,2021-09-03
75,2022-08-16
40,2021-12-13
21,2021-05-18
117,2023-02-01
130,2023-03-02
114,2023-01-26
79,2022-08-26
121,2023-02-08
78,2022-08-25
119,2023-02-06
71,2022-06-29
131,2023-03-06
0,2005-02-14
122,2023-02-10
82,2022-09-07
83,2022-09-14
128,2023-02-27
170,2023-06-08
159,2023-05-10
247,2023-12-13
244,2023-12-06
262,2024-02-02
270,2024-02-21
302,2024-04-29
22,2021-05-21
296,2024-04-13
17,2021-03-24
214,2023-10-10
91,2022-10-11
80,2022-08-31
10,2020-06-11
28,2021-08-10
13,2021-01-05
86,2022-09-21
6,2019-11-01
45,2022-01-27
9,2020-04-30
54,2022-04-13
70,2022-06-23
102,2022-11-30
61,2022-05-01
74,2022-08-10
113,2023-01-18
118,2023-02-03
132,2023-03-07
197,2023-08-28
144,2023-03-30
286,2024-03-20
140,2023-03-19
190,2023-08-14
1,2011-12-12
39,2021-12-08
60,2022-04-29
64,2022-05-12
27,2021-07-15
51,2022-03-29
88,2022-09-28
49,2022-03-16
89,2022-09-29
183,2023-07-28
236,2023-11-16
272,2024-02-23
44,2022-01-07
18,2021-04-01
56,2022-04-16
162,2023-05-24
171,2023-06-09
237,2023-11-20
261,2024-02-01
201,2023-09-09
191,2023-08-16
143,2023-03-28
198,2023-08-30
181,2023-07-24
50,2022-03-25
46,2022-01-28
115,2023-01-30
285,2024-03-19
112,2023-01-06
29,2021-08-11
103,2022-12-01
134,2023-03-09
11,2020-10-27
36,2021-11-16
290,2024-03-28
222,2023-10-25
8,2019-12-17
138,2023-03-15
43,2022
233,2023-11-10
202,2023-09-11
205,2023-09-26
228,2023-11-02
256,2024-01-23
3,2019-06-07
257,2024-01-24
164,2023-05-27
292,2024-04-02
274,2024-02-27
96,2022-10-31
98,2022-11-15
53,2022-04-12
179,2023-07-18
108,2022-12-22
147,2023-04-05
77,2022-08-24
186,2023-08-02
195,2023-08-24
298,2024-04-18
226,2023-10-31
178,2023-07-11
249,2023-12-21
277,2024-03-04
67,2022-06-06
92,2022-10-15
97,2022-11-03
33,2021-10-15
72,2022-07-12
220,2023-10-21
124,2023-02-21
241,2023-11-28
166,2023-05-30
110,2023-01-01
145,2023-04-01
142,2023-03-24
289,2024-03-27
180,2023-07-19
287,2024-03-21
209,2023-10-01
126,2023-02-23
146,2023-04-03
230,2023-11-04
125,2023-02-22
242,2023-11-29
173,2023-06-14
199,2023-09-06
30,2021-08-20
106,2022-12-12
219,2023-10-20
34,2021-11-03
37,2021-12-02
111,2023-01-05
26,2021-06-29
87,2022-09-24
120,2023-02-07
100,2022-11-23
139,2023-03-16
4,2019-10-01
20,2021-04-12
151,2023-04-24
196,2023-08-26
169,2023-06-05
185,2023-08-01
218,2023-10-19
35,2021-11-15
62,2022-05-05
280,2024-03-11
294,2024-04-11
295,2024-04-12
172,2023-06-12
136,2023-03-13
251,2024-01-10
279,2024-03-10
19,2021-04-09
68,2022-06-17
90,2022-10-06
250,2023-12-22
252,2024-01-12
14,2021-01-12
223,2023-10-26
258,2024-01-25
264,2024-02-05
55,2022-04-14
32,2021-09-30
94,2022-10-24
123,2023-02-20
263,2024-02-04
255,2024-01-20
184,2023-07-31
232,2023-11-07
243,2023-12-01
