llm_data_id,name,type_id,organization_id,description_id,created_date_id,url_id,datasheet_id,modality_id,size_id,sample_id,analysis_id,dependencies_id,included_id,excluded_id,quality_control_id,access_id,license_id,intended_uses_id,prohibited_uses_id,monitoring_id,feedback_id,model_card_id,training_emissions_id,training_time_id,training_hardware_id,adaptation_id,output_space_id,terms_of_service_id,monthly_active_users_id,user_distribution_id,failures_id
1,ToyMix,2,101,421,214,132,39,36,38,8,180,220,32,25,82,3,14,90,70,20,186,165,21,75,118,9,32,39,3,2,1
2,LargeMix,2,101,223,214,132,39,36,38,8,181,130,32,25,82,3,14,89,70,20,186,165,21,75,118,9,32,39,3,2,1
3,UltraLarge,2,101,432,214,132,39,36,38,8,182,203,32,25,82,3,14,88,70,20,186,165,21,75,118,9,32,39,3,2,1
4,Lag-LLaMA,3,105,220,267,362,39,63,199,10,109,303,32,25,82,3,2,160,70,20,178,151,21,75,82,9,32,39,3,2,1
5,Prithvi,3,73,317,188,236,39,46,19,10,248,182,32,25,82,3,2,160,70,20,154,129,21,75,118,9,32,39,3,2,1
6,Watsonx.ai,1,73,444,201,401,39,69,199,10,248,114,32,25,82,2,48,160,70,20,186,165,21,75,118,9,18,30,3,2,1
7,Granite,3,73,169,208,400,39,52,40,10,248,303,32,25,70,2,52,160,70,20,186,165,21,75,118,9,32,39,3,2,1
8,Animagine XL 3.1,3,33,40,285,190,39,54,199,10,248,7,32,25,58,3,23,35,27,20,118,110,21,67,31,9,32,39,3,2,1
9,Portkey,1,138,315,158,335,39,69,199,10,248,303,32,25,82,3,52,160,70,20,186,165,21,75,118,9,24,19,3,2,1
10,Viable,1,182,441,304,385,39,69,199,10,248,195,32,25,82,2,52,44,33,20,186,165,21,75,118,9,11,26,3,2,1
11,Auto-GPT,1,14,49,150,318,39,69,199,10,248,92,32,25,82,3,31,160,70,20,186,165,21,75,118,3,30,39,3,2,1
12,Bark,3,164,59,151,252,39,49,199,10,248,13,32,25,82,3,31,160,70,20,169,26,21,75,118,9,32,39,3,2,1
13,ChatGPT powered by OBO,1,70,163,117,220,39,69,199,10,248,35,32,25,82,2,52,160,70,20,186,165,21,75,118,9,32,39,3,2,1
14,GPT-JT,3,167,466,102,432,39,63,170,10,248,99,32,25,82,3,2,160,70,20,186,165,21,75,118,9,32,39,3,2,1
15,GPT-NeoXT-Chat-Base,3,167,466,136,430,39,63,79,10,248,102,32,25,82,3,2,160,70,20,186,165,21,75,118,9,32,39,3,2,1
16,OpenChatKit moderation model,3,167,466,136,430,39,63,170,10,248,100,32,25,82,3,2,160,70,20,186,165,21,75,118,9,32,39,3,2,1
17,OIG-43M,2,168,466,136,306,39,38,138,8,248,201,32,25,82,3,2,160,70,20,186,165,21,75,118,9,32,39,3,2,1
18,OIG-moderation,2,168,466,136,306,39,38,199,8,248,303,32,25,82,3,2,160,70,20,186,165,21,75,118,9,32,39,3,2,1
19,RedPajama-Data,2,167,394,58,431,34,38,2,8,248,108,32,25,82,3,2,160,70,20,186,165,21,75,118,9,32,39,3,2,1
20,Llama-2-7B-32K-Instruct,3,167,230,193,364,39,63,187,10,173,20,32,25,82,3,25,160,70,20,179,152,21,75,118,9,32,39,3,2,1
21,RedPajama-Data-v2,2,167,330,226,365,39,38,105,8,248,50,28,25,80,3,2,124,70,20,20,165,21,75,118,9,32,39,3,2,1
22,StripedHyena,3,167,370,246,429,39,63,187,10,172,115,32,25,82,3,2,160,70,20,180,153,21,75,118,9,32,39,3,2,1
23,StripedHyena Nous,3,167,369,246,429,39,63,187,10,172,115,32,25,82,3,2,160,70,20,181,154,21,75,118,9,32,39,3,2,1
24,MediTron,3,58,247,241,149,39,63,174,10,75,303,32,25,82,3,25,57,70,20,146,121,21,75,118,9,32,39,3,2,1
25,XVERSE,3,186,454,232,255,39,63,166,10,34,303,32,25,82,3,48,160,70,20,184,157,21,75,118,9,32,39,3,2,1
26,Otter,3,111,296,157,108,39,29,6,10,113,162,32,25,82,3,31,30,70,20,186,14,21,75,48,9,32,39,3,2,1
27,EXMODD,2,24,127,218,138,39,20,199,8,179,281,32,25,82,3,31,160,70,20,21,165,21,75,118,9,32,39,3,2,1
28,MiniMA,3,24,260,235,233,39,63,126,10,131,158,32,25,82,3,29,160,70,19,53,42,21,75,68,9,32,39,3,2,1
29,ChatGLM,3,39,76,138,194,39,63,170,10,191,303,32,25,82,3,2,160,70,20,186,165,21,75,118,9,32,39,3,2,1
30,OpenFold,3,45,289,100,392,39,2,199,10,150,6,32,25,82,3,10,160,70,20,186,165,21,44,100,9,32,39,3,2,1
31,Ferret,3,46,139,216,136,39,26,39,10,147,28,32,25,82,3,3,160,70,20,186,165,21,18,69,9,32,39,3,2,1
32,Guanaco,3,179,173,162,111,39,63,113,10,200,219,32,25,82,3,31,160,70,20,186,165,21,75,80,9,32,39,3,2,1
33,Llark,3,180,231,216,135,39,9,32,10,81,137,32,25,82,3,2,160,70,20,186,165,21,46,45,9,32,39,3,2,1
34,InternLM,3,79,195,205,235,39,63,187,10,146,303,32,25,82,3,2,160,70,20,155,130,21,75,118,9,32,39,3,2,1
35,BioMistral,3,15,62,270,163,39,63,187,10,17,174,32,25,82,3,2,70,31,20,43,32,21,75,41,9,32,39,3,2,1
36,Khanmigo,1,84,34,138,402,39,69,199,10,248,92,32,25,82,2,52,160,70,20,186,165,21,75,118,9,32,39,3,2,1
37,GAIA-1,3,184,149,209,130,39,47,197,10,25,303,32,25,82,1,52,102,70,20,186,165,21,34,37,9,32,39,3,2,1
38,GreenBit LLaMA,3,67,170,209,234,39,63,109,10,86,149,32,25,82,3,2,160,70,20,54,43,21,75,118,9,32,39,3,2,1
39,Ocean-1,3,49,280,176,203,39,63,187,10,188,93,32,25,82,1,52,12,70,20,186,165,21,75,118,9,32,39,3,2,1
40,Aurora-M,3,169,48,300,167,39,63,48,10,80,244,32,25,82,3,52,160,70,20,186,165,21,42,92,9,32,39,3,2,1
41,CodeParrot,3,72,88,39,367,39,52,64,10,248,303,32,25,82,3,52,160,70,20,186,165,21,75,17,9,32,39,3,2,1
42,Zephyr,3,72,463,216,263,39,63,187,10,99,175,32,25,82,3,31,27,70,20,55,44,21,75,118,9,32,39,3,2,1
43,IDEFICS,3,72,181,194,281,39,29,188,10,48,188,32,25,82,3,48,27,70,20,56,45,21,75,118,9,32,39,3,2,1
44,OBELICS,2,72,278,194,281,16,20,26,8,204,303,32,3,46,3,17,160,70,20,127,165,21,75,118,9,32,39,3,2,1
45,FinGPT,3,178,140,230,143,39,63,40,10,98,303,32,25,82,3,2,160,70,20,93,84,21,75,21,9,32,39,3,2,1
46,BLUUMI,3,178,57,230,143,39,63,56,10,98,19,32,25,82,3,9,160,70,20,92,83,21,75,21,9,32,39,3,2,1
47,Cosmopedia v0.1,2,71,104,272,443,18,38,90,8,203,176,32,25,33,3,52,160,70,20,129,165,21,75,118,9,32,39,3,2,1
48,Idefics2,3,71,182,298,282,39,29,191,10,238,250,32,25,67,3,2,103,70,20,57,46,21,75,118,9,32,39,3,2,1
49,The Cauldron,2,71,380,298,282,17,20,141,8,248,151,32,25,82,3,10,160,70,20,128,165,21,75,118,9,32,39,3,2,1
50,DeepFloyd IF,3,161,14,154,351,39,54,128,10,139,135,32,25,82,3,48,160,70,20,49,38,21,75,118,9,32,39,3,2,1
51,StableLM,3,161,222,151,242,39,63,187,10,248,243,32,25,82,3,2,160,70,20,186,165,21,75,118,9,32,39,3,2,1
52,Stable Diffusion,1,161,359,77,352,39,69,199,10,248,303,32,25,82,3,48,160,70,20,48,165,21,75,118,9,25,39,3,2,1
53,Stable Diffusion XL,1,161,358,183,355,39,69,199,10,248,303,32,25,82,3,39,160,70,20,186,165,21,75,118,9,25,39,3,2,1
54,Stable Video Diffusion,3,161,361,239,357,39,66,199,10,155,154,32,25,82,2,48,42,66,20,171,144,21,75,118,9,32,39,3,2,1
55,Large Video Dataset,2,161,221,239,357,39,71,155,8,166,271,32,25,12,1,52,160,70,20,186,165,21,75,118,9,32,39,3,2,1
56,Sky Replacer,1,161,353,228,195,39,69,199,10,248,303,32,25,82,3,52,160,70,20,186,165,21,75,118,9,25,22,3,2,1
57,StableLM 2,3,161,362,255,353,39,63,10,10,122,227,32,25,82,3,48,113,70,20,172,145,2,65,58,9,32,39,3,2,1
58,Stable Cascade,3,161,357,254,291,39,54,199,10,95,303,32,25,82,3,48,111,51,20,170,143,6,21,102,9,32,39,3,2,1
59,Stable Video 3D,3,161,360,285,354,39,33,199,10,248,192,32,25,82,3,42,123,45,20,173,146,21,75,118,9,32,39,3,2,1
60,Stable Audio 2.0,3,161,356,294,350,39,7,199,10,248,16,32,25,69,3,52,48,59,1,186,165,21,75,118,9,32,39,3,2,1
61,Reka Flash,3,146,334,269,343,39,24,83,10,68,303,32,25,82,2,52,160,70,20,186,165,21,75,118,9,32,39,3,2,1
62,Reka Core,3,146,333,298,421,39,4,199,10,196,303,32,25,82,2,52,69,70,20,186,165,21,72,117,9,32,39,3,2,1
63,FuseChat,3,62,146,274,68,39,63,185,10,206,187,32,25,82,3,2,32,70,20,52,41,21,75,118,9,32,39,3,2,1
64,MoMo,3,104,263,254,289,39,63,179,10,248,222,32,25,82,3,31,160,70,20,161,137,21,75,84,9,32,39,3,2,1
65,Mistral,3,102,262,207,313,39,63,171,10,51,303,32,25,82,3,2,160,70,20,160,136,21,75,118,9,32,39,3,2,1
66,Mistral Large,3,102,261,274,315,39,63,199,10,89,303,32,25,82,2,52,160,70,20,186,165,21,75,118,9,32,39,3,2,1
67,Le Chat,1,102,224,274,314,39,69,199,10,248,172,32,25,82,2,52,160,70,20,186,165,21,75,118,9,32,12,3,2,1
68,Reexpress One,1,145,331,142,342,39,69,199,10,248,303,32,25,82,2,52,160,70,20,35,165,21,75,118,9,17,1,3,2,1
69,Dolphin 2.2 Yi,3,41,120,236,224,39,63,118,10,248,64,32,25,82,3,48,160,70,20,121,115,21,24,46,9,32,39,3,2,1
70,WizardLM Uncensored,3,41,451,169,283,39,63,109,10,73,277,32,25,82,3,52,160,70,20,120,114,21,75,118,9,32,39,3,2,1
71,DuckAssist,1,56,410,134,349,39,69,199,10,248,8,32,25,82,3,52,160,70,20,186,165,21,75,118,9,32,39,3,2,1
72,Perplexity Ask,1,136,305,106,418,39,69,199,10,248,89,32,25,82,3,52,160,70,20,186,165,21,75,118,9,32,39,3,2,1
73,Bird SQL,1,136,426,108,419,39,69,199,10,248,215,32,25,82,1,52,160,70,20,186,165,21,75,118,9,32,39,3,2,1
74,Perplexity Chat,1,136,306,225,303,39,69,199,10,248,303,32,25,82,3,52,160,70,20,186,165,21,75,118,9,5,5,3,2,1
75,Vulture,3,183,443,211,293,39,63,59,10,248,73,32,25,82,3,2,160,30,20,182,155,21,27,118,9,32,39,3,2,1
76,DeciLM,3,53,113,247,207,39,63,187,10,142,303,32,25,82,3,2,122,70,20,186,11,21,75,95,9,32,39,3,2,1
77,The Pile,2,60,11,13,72,5,13,189,1,7,303,16,6,25,3,31,82,70,20,10,165,21,75,118,9,32,39,3,2,1
78,GPT-J,3,60,155,25,12,39,63,170,10,248,256,32,25,82,3,2,160,70,20,186,165,21,75,111,9,32,39,3,2,1
79,GPT-Neo,3,60,466,17,232,39,63,72,10,248,256,32,25,82,3,31,160,70,20,186,165,21,75,118,9,32,39,3,2,1
80,GPT-NeoX,3,60,156,48,2,39,64,79,10,228,256,32,25,82,3,2,16,70,20,18,160,12,40,9,9,32,39,3,2,1
81,GooseAI API,1,66,166,304,1,39,69,199,10,248,103,32,25,82,2,48,43,19,3,3,165,21,75,118,9,14,10,3,2,1
82,VQGAN-CLIP,3,60,439,82,85,39,54,84,10,45,266,32,25,82,3,31,160,70,20,186,165,21,68,2,9,32,39,3,2,1
83,Pythia,3,59,13,168,104,39,63,32,10,78,256,32,25,82,3,2,160,70,20,51,40,21,75,64,9,32,39,3,2,1
84,Llemma,3,139,232,217,137,39,63,118,10,100,216,32,25,82,3,25,160,70,20,50,39,21,41,26,9,32,39,3,2,1
85,Proof Pile 2,2,139,318,217,137,15,38,151,8,248,49,31,25,82,3,31,160,70,20,126,165,21,75,118,9,32,39,3,2,1
86,Pile-T5,3,60,311,298,178,39,63,199,10,237,254,32,25,82,3,52,107,70,20,186,165,21,15,118,9,32,39,3,2,1
87,Virtual Volunteer,1,20,411,138,389,39,69,199,10,248,92,32,25,82,2,52,160,70,20,186,165,21,75,118,9,32,39,3,2,1
88,CodeGeeX,3,172,86,86,243,39,51,40,10,248,303,32,25,82,2,2,160,70,20,186,165,21,75,103,9,32,39,3,2,1
89,CogView,3,172,93,24,19,39,54,140,10,248,303,32,25,82,3,2,160,70,20,186,165,21,75,118,9,32,39,3,2,1
90,CogView 2,3,172,92,60,39,39,54,170,10,248,303,32,25,82,3,2,160,70,20,186,165,21,75,118,9,32,39,3,2,1
91,CogVideo,3,172,91,67,42,39,66,199,10,248,303,32,25,82,3,2,160,70,20,186,165,21,75,118,9,32,39,3,2,1
92,GLM-130B,3,172,150,74,302,39,63,34,10,248,253,32,25,82,3,24,160,70,20,186,165,21,75,104,9,32,39,3,2,1
93,CogVLM,3,191,90,232,142,39,29,58,10,94,268,32,25,82,3,48,33,70,20,186,165,21,38,118,9,32,39,3,2,1
94,UltraLM,3,172,431,178,254,39,63,40,10,56,263,32,25,82,3,25,160,70,20,164,140,21,75,118,9,32,39,3,2,1
95,UltraChat,2,172,429,151,253,31,38,199,8,240,303,7,25,82,3,31,160,70,20,140,165,21,75,118,9,32,39,3,2,1
96,PolyCoder,3,34,314,49,32,39,12,72,10,198,110,32,25,38,3,31,160,70,20,64,54,21,48,73,9,32,39,3,2,1
97,Moment,3,35,266,266,158,39,69,123,10,102,303,32,25,82,3,52,160,70,20,186,165,21,75,101,9,32,39,3,2,1
98,OpenAssistant LLaMA 2,3,129,286,195,271,39,63,174,10,248,141,32,25,82,3,25,160,70,20,73,63,21,75,118,9,32,39,3,2,1
99,Inflection-1,3,76,188,177,297,39,63,199,10,149,303,32,25,82,2,52,160,70,20,186,165,21,75,118,9,32,39,3,2,1
100,Pi,1,76,308,155,300,39,69,199,10,248,118,32,25,82,2,52,155,70,20,186,165,21,75,118,9,28,39,3,2,1
101,Inflection-2,3,76,189,240,298,39,63,199,10,42,303,32,25,82,1,52,160,70,20,186,165,21,75,53,9,32,39,3,2,1
102,Inflection-2.5,3,76,190,279,299,39,63,199,10,120,303,32,25,82,2,52,160,70,20,186,165,21,75,118,9,32,39,3,2,1
103,RWKV World 4,3,143,327,156,273,39,63,187,10,248,303,32,25,82,3,2,160,70,20,82,73,21,75,118,9,32,39,3,2,1
104,RWKV 4 Pile,3,143,326,161,272,39,63,42,10,248,303,32,25,82,3,2,160,70,20,81,72,21,75,118,9,32,39,3,2,1
105,RWKV World 5,3,143,328,249,274,39,63,126,10,248,303,32,25,82,3,2,160,70,20,83,74,21,75,118,9,32,39,3,2,1
106,ERNIE 3.0 Titan,3,18,122,42,27,39,63,91,10,248,303,32,25,82,1,52,160,70,20,186,165,21,75,86,9,32,39,3,2,1
107,ERNIE-ViLG,3,17,124,43,28,39,54,23,10,248,303,32,25,82,2,52,160,70,20,186,165,21,75,118,9,32,39,3,2,1
108,ERNIE-ViLG 2.0,3,17,124,96,53,39,54,23,10,248,303,32,25,82,1,52,160,70,20,186,165,21,14,43,9,32,39,3,2,1
109,ERNIE 4.0,3,17,123,218,420,39,56,199,10,248,303,32,25,82,2,52,160,70,20,186,165,21,75,118,9,32,39,3,2,1
110,Q-Chat,1,140,320,130,322,39,69,199,10,248,35,32,25,82,3,52,160,70,20,186,165,21,75,118,9,32,20,3,2,1
111,Bedrock,1,8,60,149,171,39,69,199,10,248,127,32,25,82,2,52,142,70,20,186,165,21,75,118,9,20,2,3,2,1
112,FalconLite2,3,8,138,189,278,39,63,134,10,40,74,32,25,82,3,2,160,70,20,106,98,21,75,118,9,32,39,3,2,1
113,Chronos,3,8,80,283,245,39,68,178,10,19,249,32,25,7,3,2,18,70,20,36,99,21,52,70,9,32,39,3,2,1
114,Prism,3,170,316,268,162,39,29,187,10,125,303,32,25,82,3,25,160,70,20,186,165,21,74,69,9,32,39,3,2,1
115,InternVideo,3,153,466,105,94,39,47,6,10,248,129,32,25,82,3,2,160,70,20,186,165,21,75,118,9,32,39,3,2,1
116,Lego-MT,3,153,225,166,96,39,63,3,10,43,191,32,25,82,3,52,160,70,20,186,165,21,12,38,9,32,39,3,2,1
117,MathCoder,3,153,244,213,131,39,63,174,10,65,94,32,25,82,3,52,145,70,20,186,165,21,75,42,9,32,39,3,2,1
118,InternLM,3,153,194,205,235,39,14,79,10,50,303,32,25,82,3,2,160,70,20,155,130,21,75,118,9,32,39,3,2,1
119,InternVideo2,3,154,196,289,240,39,44,169,10,35,119,32,25,82,3,31,160,70,20,186,165,21,29,28,9,32,39,3,2,1
120,CosmicMan,3,153,102,292,202,39,54,199,10,222,58,32,25,66,3,52,115,70,20,186,165,21,2,35,9,32,39,3,2,1
121,CosmicMan-HQ 1.0,2,153,103,302,168,39,18,159,8,23,303,32,25,82,3,52,160,70,20,186,165,21,75,118,9,32,39,3,2,1
122,Nucleus,3,121,277,213,436,39,63,85,10,143,230,32,25,82,3,31,72,30,20,71,61,21,17,118,9,32,39,3,2,1
123,Devin,3,40,117,282,395,39,51,199,10,74,303,32,25,82,2,52,160,70,20,186,165,21,75,118,9,32,39,3,2,1
124,Konan LLM,3,85,211,204,223,39,63,39,10,248,303,32,25,82,2,52,26,70,20,186,165,21,75,118,9,32,39,3,2,1
125,LinkedIn,1,94,268,304,404,39,69,199,10,248,17,32,25,82,3,52,160,70,20,186,165,21,75,118,9,32,39,3,2,1
126,Character,1,38,75,85,175,39,69,199,10,248,303,32,25,82,2,52,160,70,20,186,165,21,75,118,9,1,4,3,2,1
127,Open X-Embodiment dataset,2,125,391,212,345,1,37,52,8,9,303,32,25,82,3,2,31,70,20,186,165,21,75,118,9,32,39,3,2,1
128,RT-1-X,3,126,323,212,345,39,35,120,10,96,193,32,25,82,3,2,31,70,20,186,165,21,75,118,9,32,39,3,2,1
129,RT-2-X,3,126,325,212,345,39,34,150,10,97,194,32,25,82,1,52,31,70,20,186,165,21,75,118,9,32,39,3,2,1
130,Taiyi Diffusion XL,3,80,374,260,154,39,54,101,10,92,25,32,25,82,3,2,160,70,20,58,47,21,75,118,9,32,39,3,2,1
131,Pegasus-1,3,173,304,222,11,39,72,188,10,52,163,32,25,11,3,52,160,70,20,186,165,21,75,118,9,32,39,3,2,1
132,Marengo 2.6,3,173,243,277,435,39,5,199,10,169,303,32,25,82,3,52,160,70,20,186,165,21,75,118,9,32,39,3,2,1
133,GodziLLa 2,3,96,164,190,265,39,63,174,10,144,136,32,25,82,3,25,160,70,20,186,53,21,75,118,9,32,39,3,2,1
134,BiomedGPT,3,93,63,164,113,39,29,139,10,247,104,32,25,37,3,2,148,70,20,186,165,21,75,4,9,32,39,3,2,1
135,MM1,3,10,239,284,166,39,29,109,10,93,303,32,25,82,1,52,160,70,20,186,165,21,75,118,9,32,39,3,2,1
136,OpenELM,3,10,288,301,311,39,63,125,10,236,229,32,25,82,3,3,127,22,20,107,100,21,75,118,9,32,39,3,2,1
137,StarCoder,3,26,363,159,109,39,15,44,10,205,259,32,25,38,3,6,15,37,20,111,104,5,28,55,9,32,39,3,2,1
138,SantaCoder,3,26,269,128,97,39,15,1,10,72,258,32,25,82,3,5,117,37,20,110,103,3,10,79,9,32,39,3,2,1
139,The Stack,2,26,397,100,93,24,12,158,3,55,109,32,25,75,3,43,146,38,20,134,165,21,75,118,9,32,39,3,2,1
140,StarCoder2-15B,3,26,364,276,426,39,16,49,10,201,257,32,25,61,3,8,116,37,20,112,105,21,75,8,9,32,39,3,2,1
141,StarCoder2-7B,3,26,366,276,426,39,16,187,10,201,257,32,25,61,3,8,47,37,20,114,107,11,11,50,9,32,39,3,2,1
142,StarCoder2-3B,3,26,365,276,426,39,16,126,10,201,257,32,25,61,3,8,47,37,20,113,106,4,66,18,9,32,39,3,2,1
143,h2oGPT,3,68,352,175,118,39,63,79,10,59,101,32,25,82,3,2,160,70,20,153,128,21,75,119,9,32,39,3,2,1
144,H2O Danube,3,68,174,261,155,39,63,13,10,87,303,32,25,82,3,2,160,64,20,152,127,21,75,78,9,32,39,3,2,1
145,ARES,1,61,27,153,225,39,69,199,10,248,242,32,25,82,3,52,160,70,20,186,165,21,75,118,9,21,39,3,2,1
146,C4,2,63,382,6,14,27,38,183,6,243,54,32,10,10,3,36,129,70,20,135,165,21,75,118,9,32,39,3,2,1
147,Internal Google BERT dataset,2,63,404,8,180,39,38,199,8,248,303,27,25,82,1,52,160,70,20,186,165,21,75,118,9,32,39,3,2,1
148,Conceptual Captions,2,63,9,3,5,39,20,100,8,11,303,32,20,28,3,20,160,70,20,15,165,21,75,118,9,32,39,3,2,1
149,Conceptual 12M,2,63,10,16,73,39,20,33,8,216,303,32,16,29,3,20,160,70,20,14,165,21,75,118,9,32,39,3,2,1
150,T5,3,63,375,6,14,39,63,28,10,246,22,32,25,48,3,2,60,70,20,174,147,21,75,3,9,32,39,3,2,1
151,Internal Google BERT,3,63,197,8,180,39,63,199,10,248,120,32,25,82,1,52,160,70,20,186,165,21,75,118,9,32,39,3,2,1
152,Google Search,1,63,165,8,180,39,69,199,10,248,121,32,25,82,3,52,77,32,8,19,165,21,75,118,9,33,18,3,2,1
153,Infiniset,2,63,187,26,80,39,13,199,8,248,303,10,25,82,1,52,160,52,20,186,165,21,75,118,9,32,39,3,2,1
154,LaMDA,3,63,219,26,80,39,63,37,10,221,117,32,25,31,1,52,53,53,20,186,165,9,39,7,9,32,39,3,2,1
155,PaLM dataset,2,63,300,53,83,6,13,103,8,248,117,22,13,26,1,52,5,1,20,1,165,21,75,118,9,32,39,3,2,1
156,Flan-T5,3,63,145,94,52,39,63,28,10,79,247,32,25,3,3,2,160,70,20,150,8,20,71,59,9,32,39,3,2,1
157,UL2,3,63,428,64,41,39,63,79,10,248,22,32,25,82,3,2,160,70,20,186,165,21,75,14,9,32,39,3,2,1
158,Parti,3,63,303,70,330,39,54,79,10,248,21,32,25,82,1,52,160,70,20,186,165,21,75,118,9,32,39,3,2,1
159,Imagen,3,63,184,66,295,39,54,42,10,248,131,32,25,82,3,52,160,70,20,186,165,21,75,12,9,32,39,3,2,1
160,VATT,3,63,437,59,18,39,50,46,10,248,15,32,25,82,3,2,160,70,20,186,165,21,24,29,9,32,39,3,2,1
161,PaLM,3,63,301,53,83,39,64,149,10,1,207,32,25,72,2,52,9,40,20,1,5,10,23,62,9,32,39,3,2,1
162,PaLM API,1,63,464,138,210,39,69,199,10,248,212,32,25,82,2,52,160,70,20,186,165,21,75,118,9,32,39,3,2,1
163,Med-PaLM,3,63,466,110,57,39,63,149,10,248,78,32,25,82,1,52,160,70,20,186,165,21,75,118,9,32,39,3,2,1
164,Med-PaLM Multimodal,3,63,466,183,120,39,21,152,10,71,213,32,25,82,1,52,160,70,20,186,165,21,75,118,9,32,39,3,2,1
165,MultiMedQA,3,63,466,110,57,39,63,199,10,248,168,32,25,82,1,52,160,70,20,186,165,21,75,118,9,32,39,3,2,1
166,Flan-PaLM,3,63,466,94,52,39,63,149,10,248,208,32,25,82,1,52,160,70,20,186,165,21,75,118,9,32,39,3,2,1
167,Flan-U-PaLM,3,63,466,94,52,39,63,149,10,248,260,32,25,82,1,52,160,70,20,186,165,21,75,118,9,32,39,3,2,1
168,Muffin,2,63,466,32,20,39,38,163,8,248,303,32,25,82,3,2,160,70,20,186,165,21,75,118,9,32,39,3,2,1
169,U-PaLM,3,63,466,94,51,39,63,149,10,248,209,32,25,82,1,52,160,70,20,186,165,21,75,118,9,32,39,3,2,1
170,PaLM-SayCan,3,63,466,76,35,39,61,149,10,248,212,32,25,82,1,53,160,70,20,186,165,21,75,118,9,32,39,3,2,1
171,GLaM,3,63,466,41,26,39,63,4,10,248,82,32,25,82,1,52,160,70,20,186,165,21,75,118,9,32,39,3,2,1
172,GLaM Web dataset,2,63,466,41,26,39,38,199,8,248,303,32,25,82,1,52,160,70,20,186,165,21,75,118,9,32,39,3,2,1
173,GLaM Conversations dataset,2,63,466,41,26,39,38,199,8,248,303,32,25,82,1,52,160,70,20,186,165,21,75,118,9,32,39,3,2,1
174,GLaM Forums dataset,2,63,466,41,26,39,38,199,8,248,303,32,25,82,1,52,160,70,20,186,165,21,75,118,9,32,39,3,2,1
175,GLaM News dataset,2,63,466,41,26,39,38,199,8,248,303,32,25,82,1,52,160,70,20,186,165,21,75,118,9,32,39,3,2,1
176,MUM,3,63,241,22,179,39,29,199,10,248,164,32,25,82,1,52,160,70,20,186,165,21,75,118,9,32,39,3,2,1
177,MUM dataset,2,63,466,22,179,39,20,199,8,248,303,32,25,82,1,52,160,70,20,186,165,21,75,118,9,32,39,3,2,1
178,Phenaki,3,63,466,118,329,39,66,13,10,248,132,32,25,82,1,52,160,70,20,186,165,21,75,118,9,32,39,3,2,1
179,Phenaki Video-Text Corpus,2,63,466,118,329,39,43,50,8,248,303,32,25,82,1,52,160,70,20,186,165,21,75,118,9,32,39,3,2,1
180,Flan-UL2,3,63,466,131,41,39,63,79,10,248,261,32,25,82,3,2,160,70,20,186,165,21,75,118,9,32,39,3,2,1
181,Flan Collection,2,63,466,117,58,39,38,61,8,248,77,32,25,82,3,2,160,70,20,186,165,21,75,118,9,32,39,3,2,1
182,MusicLM,3,63,466,115,98,39,49,7,10,248,239,32,25,82,1,52,160,70,20,186,165,21,75,118,9,32,39,3,2,1
183,SoundStream,3,63,466,115,98,39,10,199,10,248,81,32,25,82,1,52,160,70,20,186,165,21,75,118,9,32,39,3,2,1
184,w2v-BERT,3,63,466,115,98,39,10,162,10,248,81,32,25,82,1,52,160,70,20,186,165,21,75,118,9,32,39,3,2,1
185,MuLan,3,63,466,80,46,39,49,199,10,248,4,32,25,82,1,52,160,70,20,186,165,21,75,118,9,32,39,3,2,1
186,MuLan dataset,2,63,466,80,46,39,6,122,8,248,303,32,25,82,1,52,160,70,20,186,165,21,75,118,9,32,39,3,2,1
187,MusicLM dataset,2,63,466,115,98,39,3,96,8,248,303,32,25,82,1,52,160,70,20,186,165,21,75,118,9,32,39,3,2,1
188,MusicLM semantic model,3,63,466,115,98,39,10,136,10,248,181,32,25,82,1,52,160,70,20,186,165,21,75,118,9,32,39,3,2,1
189,MusicLM acoustic model,3,63,466,115,98,39,10,136,10,248,181,32,25,82,1,52,160,70,20,186,165,21,75,118,9,32,39,3,2,1
190,Noise2Music,3,63,466,122,258,39,7,199,10,248,186,32,25,82,1,51,160,70,20,186,165,21,75,118,9,32,39,3,2,1
191,LaMDA-LF,2,63,466,122,258,39,38,45,8,248,153,32,25,82,1,52,160,70,20,186,165,21,75,118,9,32,39,3,2,1
192,Rater-LF,2,63,466,122,258,39,38,24,8,248,180,32,25,82,1,52,160,70,20,186,165,21,75,118,9,32,39,3,2,1
193,Rater-SF,2,63,466,122,258,39,38,86,8,248,180,32,25,82,1,52,160,70,20,186,165,21,75,118,9,32,39,3,2,1
194,Noise2Music pseudolabeler,3,63,466,122,258,39,7,199,10,248,177,32,25,82,1,52,160,70,20,186,165,21,75,118,9,32,39,3,2,1
195,Noise2Music audio dataset,2,63,466,122,258,39,3,116,8,248,303,32,25,82,1,52,160,70,20,186,165,21,75,118,9,32,39,3,2,1
196,Noise2Music pseudolabel dataset,2,63,466,122,258,39,6,117,8,248,185,32,25,82,1,52,160,70,20,186,165,21,75,118,9,32,39,3,2,1
197,AI Test Kitchen,1,63,18,79,183,39,69,199,10,248,153,32,25,82,2,52,160,70,20,186,165,21,75,118,9,32,39,3,2,1
198,Bard,1,63,101,120,181,39,69,199,10,248,153,32,25,82,1,52,160,70,20,186,165,21,75,118,9,32,39,3,2,1
199,Minerva,3,63,466,72,45,39,63,149,10,248,211,32,25,82,1,52,160,70,20,186,165,21,75,118,9,32,39,3,2,1
200,Minerva Math Web Pages dataset,2,63,466,72,45,39,38,54,8,248,303,32,25,82,1,52,160,70,20,186,165,21,75,118,9,32,39,3,2,1
201,USM,3,63,435,132,62,39,9,97,10,248,282,32,25,82,2,52,160,70,20,186,165,21,75,118,9,32,39,3,2,1
202,YouTube,1,63,462,1,439,39,69,199,10,248,262,32,25,82,3,52,160,70,20,186,165,21,75,118,9,32,39,3,2,1
203,PaLM-E,3,63,466,132,63,39,29,152,10,248,210,32,25,82,1,52,160,70,20,186,165,21,75,118,9,32,39,3,2,1
204,ViT-22B,3,63,466,123,59,39,19,85,10,248,122,32,25,82,1,52,160,70,20,186,165,21,75,118,9,32,39,3,2,1
205,AudioLM,3,63,466,83,47,39,7,64,10,248,301,32,25,82,1,52,160,70,20,186,165,21,75,118,9,32,39,3,2,1
206,PaLI,3,63,466,84,48,39,54,58,10,248,296,32,25,82,1,52,160,70,20,186,165,21,75,118,9,32,39,3,2,1
207,ViT-e,3,63,466,84,48,39,31,104,10,248,122,32,25,82,1,52,160,70,20,186,165,21,75,118,9,32,39,3,2,1
208,WebLI,2,63,466,84,48,39,20,22,8,248,303,32,25,82,1,52,160,70,20,186,165,21,75,118,9,32,39,3,2,1
209,Vid2Seq,3,63,466,129,61,39,72,143,10,248,245,32,25,82,3,2,160,70,20,186,165,21,75,118,9,32,39,3,2,1
210,Google Joint SLM,3,63,203,171,117,39,11,199,10,242,32,32,25,82,1,52,160,70,20,186,165,21,75,118,9,32,39,3,2,1
211,PaLM 2,3,63,299,160,182,39,63,199,10,198,206,32,25,17,3,52,149,67,5,30,2,21,75,106,9,32,39,3,2,1
212,MedLM,3,63,246,248,196,39,63,199,10,10,303,32,25,82,2,52,156,70,5,186,10,21,75,118,9,32,39,3,2,1
213,Gemini,3,63,44,245,209,39,56,199,10,133,303,32,25,82,1,52,149,67,5,186,165,21,75,118,9,32,39,3,2,1
214,TimesFM,3,63,420,263,185,39,69,77,10,108,303,32,25,82,1,52,160,70,20,186,165,21,75,118,9,32,39,3,2,1
215,Gemma,3,63,159,271,184,39,63,187,10,158,303,32,25,35,3,48,81,34,20,151,126,21,75,110,9,32,39,3,2,1
216,Med-Gemini,3,63,245,303,170,39,29,199,10,32,106,32,25,82,1,52,125,58,20,186,165,21,75,118,9,32,39,3,2,1
217,HyperCLOVA,3,107,179,23,21,39,63,190,10,248,303,32,25,82,1,52,160,70,20,186,165,21,9,5,9,32,39,3,2,1
218,HyperCLOVA X,3,107,178,297,169,39,63,199,10,61,303,32,25,82,2,52,160,70,20,186,165,21,75,118,9,32,39,3,2,1
219,Crisis Contact Simulator,1,165,106,18,428,39,69,199,10,248,195,32,25,32,1,52,131,70,20,186,165,21,75,118,2,7,39,3,2,1
220,Ask Instacart,1,77,192,130,322,39,69,199,10,248,35,32,25,82,2,52,160,70,20,186,165,21,75,118,9,32,39,3,2,1
221,Firefly Image 2,3,5,142,215,227,39,54,199,10,248,303,32,25,82,1,52,147,4,20,186,165,21,75,118,9,32,39,3,2,1
222,Firefly Vector,3,5,143,215,227,39,65,199,10,248,303,32,25,82,1,52,147,4,20,186,165,21,75,118,9,32,39,3,2,1
223,Firefly Design,3,5,141,215,227,39,62,199,10,248,303,32,25,82,1,52,147,4,20,186,165,21,75,118,9,32,39,3,2,1
224,Firefly,1,5,28,142,227,39,69,199,10,248,76,32,25,82,2,52,147,4,20,186,165,21,75,118,9,2,23,3,2,1
225,CulturaX,2,175,108,204,127,35,38,160,8,248,294,32,25,82,3,49,160,39,20,141,165,21,75,118,9,32,39,3,2,1
226,GenSLM,3,12,466,92,391,39,53,89,10,248,233,32,25,82,3,31,160,70,20,186,165,21,75,118,9,32,39,3,2,1
227,Moonhub Recruiter,1,103,267,216,413,39,69,199,10,248,46,32,25,82,2,48,153,70,20,186,165,21,75,118,9,26,32,3,2,1
228,Skywork,3,87,396,226,141,39,63,40,10,116,236,32,25,82,3,48,160,70,20,89,80,21,33,56,9,32,39,3,2,1
229,COYO-700M,2,83,70,81,249,39,20,182,8,2,54,9,15,82,3,17,2,13,20,7,165,21,75,118,9,32,39,3,2,1
230,Kotoba Speech,3,86,212,283,288,39,49,3,10,248,303,32,25,82,3,2,160,70,20,156,131,21,75,118,9,32,39,3,2,1
231,Shop Assistant,1,155,447,130,322,39,69,199,10,248,35,32,25,82,3,52,160,70,20,186,165,21,75,118,9,32,39,3,2,1
232,GPT-3 dataset,2,127,385,11,71,39,38,154,8,208,270,23,17,23,1,52,93,70,20,186,165,21,75,118,9,32,39,3,2,1
233,HumanEval,2,127,177,29,76,39,12,82,2,248,303,3,9,56,3,31,29,70,20,4,165,21,75,118,9,32,39,3,2,1
234,Codex dataset,2,127,405,29,76,39,69,47,8,248,303,21,12,13,1,52,132,70,20,4,165,21,75,118,9,32,39,3,2,1
235,CLIP dataset,2,127,68,14,75,39,20,132,8,215,303,5,25,54,1,52,133,70,20,186,165,21,75,118,9,32,39,3,2,1
236,DALL路E dataset,2,127,110,14,16,39,20,87,8,213,303,6,14,55,1,52,133,70,20,186,165,21,75,118,9,32,39,3,2,1
237,Whisper dataset,2,127,398,87,192,39,3,168,8,210,303,24,7,24,1,52,91,70,20,186,165,21,75,118,9,32,39,3,2,1
238,WebText,2,127,466,7,191,39,38,131,8,248,303,32,25,82,1,52,160,70,20,186,165,21,75,118,9,32,39,3,2,1
239,GPT-2,3,127,466,7,191,39,63,8,10,248,270,32,25,82,3,32,160,70,20,186,23,21,75,118,9,32,39,3,2,1
240,GPT-3,3,127,152,11,71,39,63,55,10,207,84,32,25,41,2,52,34,6,10,23,24,15,30,85,9,32,39,3,2,1
241,Codex,3,127,89,29,76,39,52,32,10,231,85,32,25,63,2,52,22,70,20,4,165,21,5,85,9,32,39,3,2,1
242,InstructGPT,3,127,193,46,81,39,52,55,10,227,87,32,25,62,1,52,17,7,20,5,22,21,50,118,9,32,39,3,2,1
243,Whisper,3,127,448,87,192,39,11,8,10,225,274,32,25,39,3,31,136,70,20,31,25,21,75,85,9,32,39,3,2,1
244,CLIP,3,127,1,14,75,39,29,199,10,229,23,32,25,50,3,31,114,2,20,28,19,21,57,98,9,32,39,3,2,1
245,DALL路E,3,127,111,14,74,39,54,32,10,224,61,32,25,82,2,52,7,70,20,2,20,21,75,98,9,32,39,3,2,1
246,Jukebox,3,127,206,10,15,39,49,157,10,159,123,32,25,82,3,33,160,70,20,186,165,21,36,54,9,32,39,3,2,1
247,DALL路E 2,3,127,2,55,37,39,54,199,10,219,60,32,25,57,2,52,6,62,17,13,21,21,75,118,9,32,39,3,2,1
248,OpenAI API,1,127,285,11,320,39,69,199,10,248,86,32,25,21,2,48,62,28,9,186,165,21,75,118,7,10,14,3,2,1
249,VPT,3,127,466,71,44,39,73,143,10,248,302,32,25,82,3,31,160,70,20,186,165,21,75,118,9,32,39,3,2,1
250,web_clean,2,127,466,71,44,39,70,177,8,248,303,32,25,82,1,52,160,70,20,186,165,21,75,118,9,32,39,3,2,1
251,ChatGPT,1,127,78,103,321,39,69,199,10,248,293,32,25,82,2,48,160,70,20,186,165,21,75,118,9,32,39,1,2,1
252,gpt-3.5-turbo,3,127,466,130,332,39,63,199,10,248,292,32,25,82,2,48,160,70,20,186,165,21,75,118,9,32,39,3,2,1
253,GPT-4 Turbo,3,127,153,232,333,39,63,199,10,248,303,32,25,82,2,48,160,70,20,186,165,21,75,118,9,32,39,3,2,1
254,gpt-3.5-turbo dataset,2,127,466,130,332,39,38,199,8,248,303,32,25,82,2,52,160,70,20,186,165,21,75,118,9,32,39,3,2,1
255,code-davinci-002 dataset,2,127,466,62,331,39,13,199,8,248,303,32,25,82,2,52,160,70,20,186,165,21,75,118,9,32,39,3,2,1
256,code-davinci-002,3,127,466,62,331,39,52,199,10,248,289,32,25,82,2,52,160,70,20,186,165,21,75,118,9,32,39,3,2,1
257,text-davinci-002,3,127,466,62,331,39,63,199,10,248,290,32,25,82,2,52,160,70,20,186,165,21,75,118,9,32,39,3,2,1
258,text-davinci-003,3,127,466,103,331,39,63,199,10,248,299,32,25,82,2,52,160,70,20,186,165,21,75,118,9,32,39,3,2,1
259,Whisper API,1,127,26,130,322,39,69,199,10,248,276,32,25,82,3,48,160,70,20,186,165,21,75,118,9,32,39,3,2,1
260,ChatGPT API,1,127,25,130,322,39,69,199,10,248,36,32,25,82,3,48,160,70,20,186,165,21,75,118,9,32,39,3,2,1
261,OpenAI Moderation API,1,127,415,75,323,39,69,199,10,248,196,32,25,82,3,48,160,70,20,186,165,21,75,118,9,32,39,3,2,1
262,OpenAI toxicity classifier,3,127,466,114,363,39,63,199,10,248,197,32,25,82,1,52,160,70,20,186,165,21,75,118,9,32,39,3,2,1
263,OpenAI toxicity dataset,2,127,466,114,363,39,38,199,8,248,303,32,25,82,1,52,160,70,20,186,165,21,75,118,9,32,39,3,2,1
264,Sage API,1,127,7,119,339,39,69,199,10,248,235,32,25,82,2,52,160,70,20,186,165,21,75,118,9,32,39,3,2,1
265,Dragonfly API,1,127,7,119,339,39,69,199,10,248,65,32,25,82,2,52,160,70,20,186,165,21,75,118,9,32,39,3,2,1
266,Sage,3,127,7,119,339,39,63,199,10,248,303,32,25,82,2,52,160,70,20,186,165,21,75,118,9,32,39,3,2,1
267,Dragonfly,3,127,7,119,339,39,63,199,10,248,303,32,25,82,2,52,160,70,20,186,165,21,75,118,9,32,39,3,2,1
268,ChatGPT for Slack,1,128,401,133,423,39,69,199,10,248,35,32,25,82,2,52,160,70,20,186,165,21,75,118,9,32,39,3,2,1
269,GPT-4,3,127,466,138,64,39,26,199,10,248,303,32,25,82,2,52,160,70,20,186,165,21,75,118,9,32,39,3,2,1
270,GPT-4 API,1,127,154,138,326,39,69,199,10,248,96,32,25,82,2,48,160,70,20,186,165,21,75,118,9,32,39,3,2,1
271,ChatGPT Enterprise,1,127,77,198,325,39,69,199,10,248,96,32,25,82,2,48,160,70,20,186,165,21,75,118,9,32,15,3,2,1
272,DALL路E 3,3,127,109,205,324,39,54,199,10,218,59,32,25,8,2,48,92,63,16,12,165,21,75,118,9,32,39,3,2,1
273,Sora,3,127,354,270,327,39,57,199,10,248,303,32,25,82,2,52,160,70,20,186,165,21,75,118,9,32,39,3,2,1
274,Ideogram 1.0,3,74,183,276,3,39,54,199,10,21,303,32,25,82,2,52,160,70,20,186,165,21,75,118,9,32,39,3,2,1
275,FinPile,2,28,8,145,103,8,38,121,8,248,303,8,25,82,1,52,134,70,20,186,165,21,75,118,9,32,39,3,2,1
276,BloombergGPT,3,28,65,145,65,39,63,144,10,12,75,32,25,5,1,52,10,70,20,186,165,21,45,65,9,32,39,3,2,1
277,Common Corpus,2,137,96,287,279,39,38,142,8,248,303,20,19,4,3,52,86,21,20,186,165,21,75,118,9,32,39,3,2,1
278,Cformers,1,116,74,141,416,39,69,199,10,248,303,32,25,82,2,31,160,70,20,186,165,21,75,118,9,32,39,3,2,1
279,Platypus,3,29,312,191,123,39,63,40,10,192,138,32,25,82,3,16,160,70,20,149,125,21,43,1,9,32,39,3,2,1
280,UFOGen,3,29,427,236,146,39,54,195,10,239,242,32,25,82,3,52,160,70,20,186,165,21,75,118,9,32,39,3,2,1
281,Nextdoor Assistant,1,115,19,155,261,39,69,199,10,248,36,32,25,82,3,52,157,70,20,186,165,21,75,118,9,27,39,3,2,1
282,You dataset,2,189,466,304,442,39,38,199,8,248,303,32,25,82,1,52,160,70,20,186,165,21,75,118,9,32,39,3,2,1
283,You model,3,189,466,304,442,39,63,198,10,248,285,32,25,82,1,52,160,70,20,186,165,21,75,118,9,32,39,3,2,1
284,You Search,1,189,461,304,442,39,69,199,10,248,286,32,25,82,3,52,160,70,20,186,165,21,75,118,9,32,39,3,2,1
285,SBU Captions,2,163,342,2,337,39,20,65,8,13,79,1,1,82,3,52,160,70,20,186,165,21,75,118,9,32,39,3,2,1
286,MassiveText,2,65,390,40,79,4,13,15,8,170,303,12,11,53,1,52,66,70,20,186,165,21,75,118,9,32,39,3,2,1
287,M3W,2,65,236,61,86,7,13,60,8,248,303,11,25,51,1,52,67,70,20,186,165,21,75,118,9,32,39,3,2,1
288,Gato dataset,2,65,387,65,398,39,22,16,8,209,166,25,25,82,1,52,160,70,20,186,165,21,75,118,9,32,39,3,2,1
289,AlphaFold2,3,65,32,28,415,39,2,196,10,248,217,32,25,82,3,2,160,70,20,186,165,21,7,13,9,32,39,3,2,1
290,Flamingo,3,65,144,61,86,39,29,188,10,176,161,32,25,82,1,52,99,42,20,186,6,21,13,105,9,32,39,3,2,1
291,AlphaCode,3,65,31,48,33,39,51,135,10,248,303,32,25,82,1,52,160,70,20,186,165,21,75,118,9,32,39,3,2,1
292,Gopher,3,65,167,40,79,39,51,95,10,174,166,32,25,82,1,52,98,43,20,32,3,13,58,107,9,32,39,3,2,1
293,Chinchilla,3,65,79,52,82,39,51,174,10,175,166,32,25,82,1,52,96,44,15,34,4,20,58,108,9,32,39,3,2,1
294,Gato,3,65,158,65,398,39,27,3,10,177,105,32,25,82,1,52,97,41,20,33,161,21,35,20,9,32,39,3,2,1
295,Sparrow,3,65,466,89,49,39,63,174,10,248,37,32,25,82,1,52,160,70,20,186,165,21,75,118,9,32,39,3,2,1
296,RETRO,3,65,466,40,24,39,63,172,10,248,166,32,25,82,1,52,160,70,20,186,165,21,75,118,9,32,39,3,2,1
297,Sparrow Rule reward model,3,65,466,89,49,39,63,174,10,248,38,32,25,82,1,52,160,70,20,186,165,21,75,118,9,32,39,3,2,1
298,Sparrow Preference reward model,3,65,466,89,49,39,63,174,10,248,39,32,25,82,1,52,160,70,20,186,165,21,75,118,9,32,39,3,2,1
299,Sparrow adversarial probing dataset,2,65,466,89,49,39,38,94,8,248,40,32,25,82,1,52,160,70,20,186,165,21,75,118,9,32,39,3,2,1
300,Sparrow response preference dataset,2,65,466,89,49,39,38,180,8,248,40,32,25,82,1,52,160,70,20,186,165,21,75,118,9,32,39,3,2,1
301,GopherCite,3,65,466,50,358,39,63,95,10,248,111,32,25,82,1,52,160,70,20,186,165,21,75,118,9,32,39,3,2,1
302,GopherCite reward model,3,65,466,50,358,39,63,187,10,248,113,32,25,82,1,52,160,70,20,186,165,21,75,118,9,32,39,3,2,1
303,GopherCite Preference dataset,2,65,466,50,358,39,38,114,8,248,112,32,25,82,1,52,160,70,20,186,165,21,75,118,9,32,39,3,2,1
304,Dramatron,3,65,466,90,50,39,63,174,10,248,40,32,25,82,1,52,160,70,20,186,165,21,75,118,9,32,39,3,2,1
305,RT-2,3,65,324,184,121,39,45,150,10,90,205,32,25,82,3,52,160,70,20,186,165,21,75,118,9,32,39,3,2,1
306,Lyria,3,65,235,237,208,39,59,199,10,248,303,32,25,84,1,52,160,70,20,186,165,21,75,118,9,32,39,3,2,1
307,Genie,3,64,160,273,348,39,33,28,10,154,303,32,25,82,1,52,160,70,20,186,165,21,75,118,9,32,39,3,2,1
308,YT-Temporal-1B,2,179,466,45,29,39,70,81,8,248,288,32,25,82,3,31,160,70,20,186,165,21,75,118,9,32,39,3,2,1
309,WebVid-10M,2,176,445,19,310,39,43,17,8,248,303,26,25,82,3,45,3,3,20,9,165,21,75,118,9,32,39,3,2,1
310,WebVid-2M,2,176,446,19,310,39,43,71,8,248,272,26,25,82,3,45,3,3,20,9,165,21,75,118,9,32,39,3,2,1
311,Sana,1,151,4,304,425,39,69,199,10,248,195,32,25,82,2,48,75,70,20,186,165,21,75,118,1,29,34,3,2,1
312,NaturalInstructions-v2,2,2,466,57,38,39,1,51,8,248,303,32,25,82,3,2,160,70,20,186,165,21,75,118,9,32,39,3,2,1
313,SODA,2,2,344,163,95,22,38,9,8,195,303,32,25,82,3,10,160,70,20,186,165,21,75,118,9,32,39,3,2,1
314,Multimodal C4,2,2,35,172,106,39,20,137,8,28,22,32,25,82,3,35,160,70,20,186,165,21,75,118,9,32,39,3,2,1
315,COSMO,3,2,69,163,95,39,63,28,10,44,234,32,25,82,3,52,160,70,20,103,95,21,75,120,9,32,39,3,2,1
316,Dolma,2,2,119,193,176,11,38,127,8,27,303,32,25,82,3,1,160,70,11,186,165,21,75,118,9,32,39,3,2,1
317,Tulu-V2-mix,2,2,425,238,147,23,38,199,8,184,70,32,25,82,3,34,160,70,20,133,165,21,75,118,9,32,39,3,2,1
318,Tulu 2,3,2,424,238,147,39,63,174,10,69,140,32,25,82,3,1,160,70,20,104,96,21,75,118,9,32,39,3,2,1
319,Tulu 2 DPO,3,2,423,238,147,39,63,174,10,69,140,32,25,82,3,1,160,70,20,105,97,21,75,118,9,32,39,3,2,1
320,Code Tulu 2,3,2,85,238,147,39,52,40,10,69,43,32,25,82,3,1,160,70,20,102,94,21,75,118,9,32,39,3,2,1
321,OLMo,3,2,284,262,10,39,63,187,10,124,63,32,25,81,3,2,160,70,20,101,93,19,75,30,9,32,39,3,2,1
322,MADLAD-400,2,2,237,202,66,21,38,98,8,248,50,32,25,82,3,10,160,70,20,132,165,21,75,118,9,32,39,3,2,1
323,VARCO-LLM,3,108,436,192,250,39,63,39,10,18,303,32,25,82,1,48,25,70,20,186,165,21,75,118,9,32,39,3,2,1
324,UnderwriteGPT,1,134,433,118,206,39,69,199,10,248,303,32,25,82,2,52,160,70,20,186,165,21,75,118,9,32,39,3,2,1
325,Cerebras-GPT,3,37,6,144,394,39,63,40,10,3,256,32,25,47,3,2,8,11,20,186,111,21,75,19,9,32,39,3,2,1
326,Jais,3,75,201,199,296,39,63,40,10,118,88,32,25,82,3,2,51,17,20,186,159,21,75,87,9,32,39,3,2,1
327,Jais Chat,3,75,200,199,296,39,63,40,10,118,88,32,25,82,3,2,50,17,20,186,159,21,75,88,9,32,39,3,2,1
328,Bittensor Language Model,3,37,64,182,393,39,63,126,10,123,238,32,25,82,3,2,160,70,20,119,112,21,75,118,9,32,39,3,2,1
329,SlimPajama,2,37,45,172,286,28,38,164,8,248,228,32,25,82,3,2,160,70,20,136,165,21,75,118,9,32,39,3,2,1
330,CodeGen,3,149,87,51,34,39,14,53,10,248,303,32,25,82,3,50,160,70,20,186,165,21,75,113,9,32,39,3,2,1
331,BLIP,3,149,466,47,31,39,54,199,10,248,267,32,25,82,3,4,160,70,20,186,165,21,75,118,9,32,39,3,2,1
332,LAION-115M,2,149,466,47,31,39,20,27,8,248,133,32,25,82,3,4,160,70,20,186,165,21,75,118,9,32,39,3,2,1
333,EinsteinGPT,1,149,128,133,424,39,69,199,10,248,35,32,25,82,2,52,160,70,20,186,165,21,75,118,9,32,39,3,2,1
334,BLIP-2,3,149,54,116,99,39,54,72,10,15,190,32,25,82,3,31,160,70,20,85,76,21,73,118,9,32,39,3,2,1
335,Moirai,3,149,265,286,186,39,68,110,10,185,152,32,25,65,3,2,58,70,20,86,77,21,75,96,9,32,39,3,2,1
336,LOTSA,2,149,217,286,156,20,67,93,8,248,303,29,25,82,3,2,152,70,20,130,165,21,75,118,9,32,39,3,2,1
337,Neeva dataset,2,114,466,304,317,39,38,199,8,248,303,32,25,82,1,52,160,70,20,186,165,21,75,118,9,32,39,3,2,1
338,Neeva model,3,114,466,304,317,39,63,199,10,248,183,32,25,82,1,52,160,70,20,186,165,21,75,118,9,32,39,3,2,1
339,NeevaAI,1,114,272,113,316,39,69,199,10,248,184,32,25,82,3,21,160,70,20,186,165,21,75,118,9,32,13,3,2,1
340,Jurassic-1 dataset,2,3,406,30,371,39,38,106,8,248,303,32,25,82,1,52,160,70,20,186,165,21,75,118,9,32,39,3,2,1
341,Jurassic-1 Instruct dataset,2,3,402,104,443,39,38,199,8,248,303,32,25,82,1,52,160,70,20,186,165,21,75,118,9,32,39,3,2,1
342,Jurassic-1,3,3,208,30,371,39,38,57,10,117,124,32,25,82,2,52,160,18,20,186,165,21,70,99,9,32,39,3,2,1
343,Jurassic-1 Instruct,3,3,207,104,211,39,63,58,10,248,125,32,25,82,2,52,52,18,20,186,165,21,75,118,9,32,39,3,2,1
344,Jurassic-2,3,3,209,135,212,39,63,199,10,230,303,32,25,82,2,52,160,18,20,186,165,21,75,118,9,32,39,3,2,1
345,AI21 Playground,1,3,376,30,359,39,69,199,10,248,126,32,25,82,2,52,100,18,20,8,165,21,75,118,8,30,24,3,2,1
346,AI21 Paraphrase API,1,3,21,135,213,39,69,199,10,248,128,32,25,82,2,52,101,18,20,8,165,21,75,118,5,30,24,3,2,1
347,AI21 Summarization API,1,3,22,135,214,39,69,199,10,248,128,32,25,82,2,52,101,18,20,8,165,21,75,118,6,30,24,3,2,1
348,Wordtune,1,3,453,12,437,39,69,199,10,248,2,32,25,82,2,46,83,70,20,186,165,21,75,118,9,30,37,3,2,1
349,Wordtune Read,1,3,452,37,438,39,69,199,10,248,3,32,25,82,2,46,160,70,20,186,165,21,75,118,9,30,37,3,2,1
350,Jamba,3,3,202,291,379,39,63,146,10,165,303,32,25,82,3,2,151,70,20,100,92,21,75,118,9,32,39,3,2,1
351,MPT,3,106,240,157,414,39,63,187,10,76,226,32,25,82,3,2,160,70,20,186,165,21,64,51,9,32,39,3,2,1
352,CommonCanvas,3,48,97,223,139,39,54,199,10,22,51,32,25,82,3,2,160,70,20,186,165,21,49,10,9,32,39,3,2,1
353,CommonCatalog,2,106,98,223,139,12,30,176,8,248,280,30,24,82,3,2,160,70,20,186,165,21,75,118,9,32,39,3,2,1
354,AI Dungeon,1,92,17,9,334,39,69,199,10,248,195,32,25,82,2,48,160,70,20,186,165,21,75,118,9,32,16,3,2,1
355,Conformer-1 dataset,2,13,403,139,387,39,6,165,8,248,303,2,25,82,1,52,160,70,20,186,165,21,75,118,9,32,39,3,2,1
356,Conformer-1,3,13,99,139,387,39,8,107,10,164,56,32,25,82,2,52,160,70,20,186,165,21,75,118,9,32,39,3,2,1
357,AssemblyAI,1,13,46,44,386,39,69,199,10,248,8,32,25,82,2,48,160,70,20,186,165,21,75,118,9,32,27,3,2,1
358,Conformer-1 API,1,13,24,139,387,39,69,199,10,248,57,32,25,82,3,48,79,70,20,186,165,21,75,118,9,32,27,3,2,1
359,Xwin-LM,3,187,455,205,277,39,63,174,10,57,303,32,25,82,3,26,160,70,20,98,90,21,75,118,9,32,39,3,2,1
360,JARVIS-1,3,135,199,234,144,39,58,199,10,26,303,32,25,82,3,52,160,70,20,186,165,21,75,118,9,32,39,3,2,1
361,MAmmoTH,3,123,238,203,126,39,63,118,10,66,167,32,25,82,3,31,160,70,20,186,165,21,75,118,9,32,39,3,2,1
362,A.X,3,148,15,206,427,39,63,124,10,248,303,32,25,82,1,52,160,70,20,186,165,21,75,118,9,32,39,3,2,1
363,Yi,3,1,400,229,230,39,63,118,10,136,303,32,25,34,3,48,160,70,20,38,27,21,75,118,9,32,39,3,2,1
364,Yi-VL,3,1,399,257,230,39,63,118,10,241,303,32,25,82,3,48,160,70,20,39,28,21,3,11,9,32,39,3,2,1
365,HowTo100M,2,193,176,4,70,3,43,36,8,14,288,18,8,82,3,2,160,23,20,186,165,21,75,118,9,32,39,3,2,1
366,Lemur,3,131,226,215,134,39,14,174,10,138,139,32,25,82,3,26,160,70,20,76,66,21,75,109,9,32,39,3,2,1
367,Lemur-Chat,3,131,227,215,134,39,63,174,10,138,155,32,25,82,3,19,160,70,20,75,65,21,75,118,9,32,39,3,2,1
368,ACT-1,3,4,16,84,375,39,63,199,10,248,303,32,25,82,1,52,160,70,20,186,165,21,75,118,9,32,39,3,2,1
369,Persimmon,3,4,307,201,378,39,63,192,10,49,303,32,25,82,3,2,160,70,20,186,165,21,75,118,9,32,39,3,2,1
370,Fuyu,3,4,148,218,377,39,29,192,10,135,303,32,25,82,3,19,112,50,20,99,91,21,75,118,9,32,39,3,2,1
371,Fuyu Heavy,3,4,147,258,376,39,29,199,10,140,303,32,25,82,1,52,160,70,20,186,165,21,75,118,9,32,39,3,2,1
372,CPM Bee,3,130,71,165,237,39,63,23,10,60,303,32,25,82,3,48,138,70,20,165,141,21,75,118,9,32,39,3,2,1
373,UltraFeedback,2,130,430,206,239,30,38,88,8,194,303,32,25,82,3,31,160,70,20,139,165,21,75,118,9,32,39,3,2,1
374,MiniCPM,3,130,259,262,238,39,63,70,10,106,303,32,25,82,3,48,160,70,20,163,139,21,75,118,9,32,39,3,2,1
375,Eurus,3,130,132,293,69,39,63,173,10,223,68,32,25,82,3,2,105,70,20,162,138,21,75,118,9,32,39,3,2,1
376,10k_prompts_ranked,2,51,5,275,280,14,38,25,8,248,303,32,25,82,3,52,130,57,20,125,165,21,75,118,9,32,39,3,2,1
377,ESM-2,3,97,125,97,390,39,60,49,10,248,265,32,25,82,3,31,160,70,20,186,165,21,75,118,9,32,39,3,2,1
378,PMD,2,97,298,40,25,39,20,175,8,248,31,32,23,6,1,52,160,70,20,186,165,21,75,118,9,32,39,3,2,1
379,FLAVA,3,97,134,40,25,39,20,108,10,160,204,32,25,19,3,4,64,29,20,148,122,21,75,118,9,32,39,3,2,1
380,The Galactica Corpus,2,97,386,99,229,39,38,21,8,248,53,13,25,82,1,52,160,70,20,186,165,21,75,118,9,32,39,3,2,1
381,Galactica,3,97,157,99,229,39,14,30,10,248,251,32,25,82,3,13,160,70,20,186,123,21,75,93,9,32,39,3,2,1
382,InCoder,3,98,186,54,36,39,51,170,10,248,303,32,25,82,3,13,160,70,20,186,165,20,20,24,9,32,39,3,2,1
383,OPT,3,97,279,62,40,39,63,55,10,248,231,32,25,82,2,37,160,70,20,186,7,18,75,94,9,32,39,3,2,1
384,Make-A-Video dataset,2,97,389,90,89,39,23,80,8,248,134,32,18,49,2,52,160,70,20,186,165,21,75,118,9,32,39,3,2,1
385,Make-A-Video,3,97,242,90,89,39,66,199,10,178,165,32,25,82,1,52,160,70,20,186,165,21,75,118,9,32,39,3,2,1
386,LLaMA,3,97,216,128,60,39,63,166,10,248,52,32,25,82,3,27,160,70,20,186,165,21,75,118,9,32,39,3,2,1
387,Llama 2,3,97,228,180,9,39,63,174,10,126,303,32,25,82,3,48,55,61,20,186,1,14,75,97,9,32,39,3,2,1
388,OPT-IML,3,97,466,109,56,39,63,55,10,248,189,32,25,82,3,38,160,70,20,186,165,21,75,118,9,32,39,3,2,1
389,SA-1B,2,97,339,148,6,9,18,29,8,248,303,14,2,2,3,41,74,10,12,11,165,21,75,118,9,32,39,3,2,1
390,SAM,3,97,341,148,105,39,25,199,10,5,232,32,25,1,3,2,4,16,20,11,9,7,53,27,9,32,39,3,2,1
391,Voicebox,3,97,442,175,344,39,11,112,10,152,303,32,25,82,1,52,160,70,20,186,165,21,59,40,9,32,39,3,2,1
392,PEER,3,97,297,78,88,39,63,126,10,189,303,32,25,22,3,52,141,70,20,186,165,21,75,66,9,32,39,3,2,1
393,MusicGen,3,97,270,187,290,39,8,99,10,186,169,32,25,82,3,31,120,49,20,168,16,21,75,118,9,32,39,3,2,1
394,AudioGen,3,97,47,187,226,39,8,8,10,63,14,32,25,82,3,31,119,48,20,147,15,21,75,118,9,32,39,3,2,1
395,Emu,3,97,131,207,8,39,54,8,10,31,27,32,25,82,1,52,160,70,20,186,165,21,75,118,9,32,39,3,2,1
396,Code LLaMA,3,97,84,196,7,39,52,118,10,115,158,32,25,82,3,29,21,60,20,102,113,17,37,83,9,32,39,3,2,1
397,Emu Video,3,97,130,237,222,39,66,170,10,8,67,32,25,82,1,52,160,70,20,186,165,21,75,118,9,32,39,3,2,1
398,Emu Edit,3,97,129,237,221,39,54,199,10,137,67,32,25,82,1,52,160,70,20,186,165,21,75,118,9,32,39,3,2,1
399,MetaCLIP,3,97,250,211,75,39,63,199,10,47,50,32,25,82,3,19,160,70,20,186,124,21,75,118,9,32,39,3,2,1
400,Llama 3,3,97,229,299,308,39,63,173,10,235,303,32,25,18,3,30,56,70,4,24,17,21,75,22,9,32,39,3,2,1
401,HyperWrite,1,133,180,304,294,39,69,199,10,248,195,32,25,82,2,48,39,70,20,186,165,21,75,118,9,9,11,3,2,1
402,Midm,3,82,258,227,264,39,63,185,10,248,1,32,25,30,3,18,49,20,20,60,49,21,75,118,9,32,39,3,2,1
403,Anthropic Helpfulness dataset,2,9,282,54,84,39,38,92,9,212,10,19,25,74,3,31,87,70,20,6,165,21,75,118,9,32,39,3,2,1
404,Anthropic Harmlessness dataset,2,9,283,54,84,39,38,199,8,214,10,19,25,73,1,52,160,70,20,186,165,21,75,118,9,32,39,3,2,1
405,Anthropic RLHF models,3,9,41,54,84,39,16,145,10,211,9,32,25,83,1,52,160,70,20,186,165,21,75,118,9,32,39,3,2,1
406,Anthropic Human Feedback Interface,1,9,409,54,84,39,69,199,10,248,11,32,25,82,1,52,45,70,20,186,165,21,75,118,9,16,39,3,1,1
407,Anthropic API,1,9,23,138,199,39,69,199,10,248,42,32,25,82,2,52,160,70,20,186,165,21,75,118,9,32,39,3,2,1
408,Claude,3,9,466,138,383,39,63,199,10,248,303,32,25,82,2,52,160,70,20,186,165,21,75,118,9,32,39,3,2,1
409,Claude Instant,3,9,466,138,383,39,63,199,10,248,303,32,25,82,2,52,160,70,20,186,165,21,75,118,9,32,39,3,2,1
410,Claude 2,3,9,81,179,381,39,63,199,10,157,41,32,25,82,2,52,19,14,20,186,163,21,75,118,9,32,39,3,2,1
411,Claude 2.1,3,9,82,239,382,39,63,199,10,105,303,32,25,82,2,52,160,70,20,186,165,21,75,118,9,32,39,3,2,1
412,Claude for Sheets,1,9,83,250,374,39,69,199,10,248,8,32,25,82,3,52,144,70,20,29,165,21,75,118,9,3,6,3,2,1
413,Claude 3,3,9,381,278,384,39,29,199,10,111,303,32,25,42,2,52,20,35,20,186,162,21,75,118,9,32,39,3,2,1
414,ROOTS,2,27,395,68,328,36,13,11,7,245,303,15,25,9,3,48,128,70,20,167,165,21,75,118,9,32,39,3,2,1
415,P3,2,27,393,93,77,25,38,74,4,202,303,17,21,9,3,2,59,70,20,27,165,21,75,118,9,32,39,3,2,1
416,xP3,2,27,467,98,54,26,13,193,5,202,202,33,21,9,3,2,59,70,20,26,165,21,75,118,9,32,39,3,2,1
417,T0++,3,27,373,34,77,39,63,28,10,248,248,32,25,78,3,2,137,70,20,115,108,1,22,91,9,32,39,3,2,1
418,BLOOM,3,27,55,73,55,39,14,56,10,248,223,32,25,82,3,9,121,65,20,116,165,8,56,90,9,32,39,3,2,1
419,mT0,3,27,465,34,77,39,40,40,10,244,297,32,25,79,3,9,135,70,20,117,108,21,75,89,9,32,39,3,2,1
420,BLOOMZ,3,27,56,98,91,39,14,56,10,244,18,32,25,79,3,9,135,70,20,117,109,21,75,89,9,32,39,3,2,1
421,CausalLM,3,36,73,221,262,39,63,42,10,128,221,32,25,82,3,44,160,70,20,186,34,21,75,118,9,32,39,3,2,1
422,Bain Chat,1,19,449,125,388,39,69,199,10,248,35,32,25,82,2,52,160,70,20,186,165,21,75,118,9,32,39,3,2,1
423,SauerkrautLM,3,181,348,242,276,39,63,187,10,130,198,32,25,82,3,2,160,70,20,94,85,21,75,118,9,32,39,3,2,1
424,Transformify Automate,1,171,422,167,433,39,69,199,10,248,96,32,25,82,3,52,160,70,20,186,165,21,75,118,9,31,36,3,2,1
425,Palmyra,3,185,302,111,259,39,63,79,10,145,278,32,25,82,3,2,150,70,20,97,89,21,75,118,9,32,39,3,2,1
426,Camel,3,185,72,146,193,39,63,157,10,248,214,32,25,82,3,2,160,70,20,96,88,21,75,118,9,32,39,3,2,1
427,Dolly,3,52,3,143,396,39,63,170,10,4,97,32,25,82,3,2,1,12,20,37,165,21,26,81,9,32,39,3,2,1
428,DBRX,3,52,112,290,397,39,63,35,10,29,303,32,25,43,3,22,24,15,20,122,116,21,25,34,9,32,39,3,2,1
429,Vicuna,3,91,38,145,309,39,63,40,10,41,147,32,25,82,3,2,154,70,20,134,132,21,1,69,9,32,39,3,2,1
430,EXAONE 2.0,3,89,126,181,403,39,26,199,10,248,303,32,25,82,1,52,160,70,20,186,165,21,75,118,9,32,39,3,2,1
431,RakutenAI,3,144,329,288,257,39,63,185,10,193,175,32,25,82,3,2,106,70,20,84,75,21,75,118,9,32,39,3,2,1
432,OpenBA,3,157,287,210,129,39,63,49,10,38,303,32,25,82,3,2,160,70,20,74,64,16,32,72,9,32,39,3,2,1
433,AI DJ,1,160,383,127,319,39,69,199,10,248,34,32,25,82,2,48,160,70,20,186,165,21,75,118,9,32,35,3,2,1
434,Koala,3,25,12,147,174,39,63,40,10,54,148,32,25,82,3,2,139,70,20,90,81,21,47,69,9,32,39,3,2,1
435,Gorilla,3,25,168,163,112,39,48,187,10,153,146,32,25,36,3,2,40,70,20,186,165,21,75,118,9,32,39,3,2,1
436,OpenLLaMA,3,25,291,156,251,39,63,58,10,150,225,32,25,82,3,2,160,70,20,186,165,21,75,118,9,32,39,3,2,1
437,SaiLY,3,54,345,231,287,39,63,18,10,248,303,32,25,82,3,31,160,70,20,142,117,21,75,118,9,32,39,3,2,1
438,Poe,1,141,313,119,339,39,69,199,10,248,33,32,25,82,2,52,160,70,20,186,165,21,75,118,9,32,17,3,2,1
439,Notion AI,1,117,274,126,417,39,69,199,10,248,8,32,25,82,2,52,160,70,20,186,165,21,75,118,9,32,39,3,2,1
440,Deepseek,3,55,116,242,248,39,63,167,10,30,303,32,25,71,3,48,160,70,20,144,119,21,75,118,9,32,39,3,2,1
441,Deepseek Chat,3,55,114,243,248,39,63,167,10,30,62,32,25,71,3,48,160,70,20,145,120,21,75,118,9,32,39,3,2,1
442,Deepseek Coder,3,55,115,230,247,39,51,113,10,83,303,32,25,82,3,48,160,70,18,143,118,21,75,71,9,32,39,3,2,1
443,Starling,3,124,367,229,356,39,63,187,10,168,303,32,25,82,3,11,11,70,20,109,102,21,75,118,9,32,39,3,2,1
444,Falcon-40B,3,174,137,174,150,39,63,134,10,46,230,32,25,82,3,2,73,69,20,177,150,21,16,44,9,32,39,3,2,1
445,RefinedWeb,2,174,332,169,115,33,38,161,8,248,303,32,25,82,3,48,160,70,20,186,165,21,75,118,9,32,39,3,2,1
446,Falcon-180B,3,174,136,200,150,39,63,59,10,162,230,32,25,82,3,52,73,30,20,176,149,21,63,49,9,32,39,3,2,1
447,My AI for Snapchat,1,156,271,130,322,39,69,199,10,248,35,32,25,82,3,48,160,70,20,186,165,21,75,118,9,32,21,3,2,1
448,Brex Chat,1,30,66,133,228,39,69,199,10,248,35,32,25,82,2,48,160,70,20,186,165,21,75,118,9,32,28,3,2,1
449,LAION-400M,2,88,215,31,304,37,20,133,8,248,24,32,5,52,3,10,85,25,20,186,165,21,75,118,9,32,39,3,2,1
450,LAION-5B,2,88,213,107,305,38,20,156,8,248,29,32,4,82,3,10,84,26,20,186,165,21,75,118,9,32,39,3,2,1
451,LAION-2B-en,2,88,214,107,90,38,20,69,8,248,26,32,4,82,3,10,84,24,20,186,165,21,75,118,9,32,39,3,2,1
452,OpenFlamingo,3,88,39,144,307,39,29,197,10,58,142,32,25,82,3,31,140,68,20,186,18,21,75,118,9,32,39,3,2,1
453,SALMONN,3,32,340,220,246,39,9,199,10,82,275,32,25,82,3,2,160,70,20,63,52,21,75,118,9,32,39,3,2,1
454,SDXL-Lightning,3,31,343,271,164,39,54,199,10,156,240,32,25,82,3,40,104,70,20,44,33,21,75,63,9,32,39,3,2,1
455,VLMo,3,99,438,35,22,39,54,153,10,248,55,32,25,82,1,52,160,70,20,186,165,21,75,118,9,32,39,3,2,1
456,T-ULRv5,3,99,372,89,412,39,63,67,10,248,303,32,25,82,2,52,160,70,20,186,165,21,69,25,9,32,39,3,2,1
457,Turing NLR-v5,3,99,466,38,411,39,63,157,10,248,303,32,25,82,2,52,160,70,20,186,165,21,75,118,9,32,39,3,2,1
458,Megatron-Turing NLG,3,100,249,47,30,39,63,148,10,248,256,32,25,82,2,52,160,70,20,186,165,21,75,52,9,32,39,3,2,1
459,VALL-E,3,99,440,112,372,39,49,199,10,248,303,32,25,82,1,52,160,70,20,186,165,21,75,16,9,32,39,3,2,1
460,GitHub CoPilot,1,99,162,27,201,39,69,199,10,248,44,32,25,20,2,52,36,5,21,16,165,21,75,118,9,6,8,2,2,1
461,BioGPT,3,99,466,88,4,39,63,8,10,248,218,32,25,82,3,31,160,70,20,186,165,21,75,118,9,32,39,3,2,1
462,Bing Search,1,99,20,121,187,39,69,199,10,248,35,32,25,82,2,48,76,70,20,22,165,21,75,118,9,12,31,3,2,1
463,KOSMOS-1,3,99,210,130,101,39,26,10,10,248,252,32,25,82,1,31,160,70,20,186,165,21,75,118,9,32,39,3,2,1
464,Prometheus,3,99,185,121,187,39,69,199,10,248,303,32,25,82,1,52,160,70,20,186,165,21,75,118,9,32,39,3,2,1
465,Florence,3,99,466,101,23,39,54,195,10,248,72,32,25,82,1,52,160,70,20,186,165,21,75,118,9,32,39,3,2,1
466,FLD-900M,2,99,466,101,23,39,20,194,8,248,303,32,25,82,1,52,160,70,20,186,165,21,75,118,9,32,39,3,2,1
467,Azure Cognitive Services for Vision,1,99,105,133,172,39,69,199,10,248,80,32,25,82,2,48,160,70,20,186,165,21,75,118,9,32,3,3,2,1
468,VisualChatGPT,3,99,466,134,102,39,55,199,10,248,195,32,25,82,1,52,160,70,20,186,165,21,75,118,9,32,39,3,2,1
469,Microsoft 365 Copilot,1,99,198,140,188,39,69,199,10,248,92,32,25,82,2,48,160,70,20,186,165,21,75,118,9,32,31,3,2,1
470,Microsoft Business Chat,1,99,67,140,188,39,69,199,10,248,171,32,25,82,2,48,160,70,20,186,165,21,75,118,9,32,31,3,2,1
471,Microsoft Excel,1,99,251,304,406,39,69,199,10,248,171,32,25,82,3,48,160,70,20,186,165,21,75,118,9,32,31,3,2,1
472,Microsoft Outlook,1,99,252,304,407,39,69,199,10,248,171,32,25,82,3,48,160,70,20,186,165,21,75,118,9,32,31,3,2,1
473,Microsoft Power Platform,1,99,253,304,336,39,69,199,10,248,171,32,25,82,2,48,160,70,20,186,165,21,75,118,9,32,31,3,2,1
474,Microsoft PowerPoint,1,99,254,304,408,39,69,199,10,248,171,32,25,82,3,48,160,70,20,186,165,21,75,118,9,32,31,3,2,1
475,Microsoft Teams,1,99,256,304,410,39,69,199,10,248,170,32,25,82,3,48,160,70,20,186,165,21,75,118,9,32,31,3,2,1
476,Microsoft Word,1,99,257,304,409,39,69,199,10,248,171,32,25,82,3,48,160,70,20,186,165,21,75,118,9,32,31,3,2,1
477,Microsoft Inside Look,1,99,191,304,360,39,69,199,10,248,303,32,25,82,2,48,68,70,20,186,165,21,75,118,9,8,31,3,2,1
478,Microsoft Suggested Replies,1,99,371,304,361,39,69,199,10,248,303,32,25,82,2,48,80,70,20,186,165,21,75,118,9,13,31,3,2,1
479,Microsoft Security Copilot,1,99,255,144,189,39,69,199,10,248,95,32,25,45,2,48,78,70,20,186,165,21,75,118,4,4,31,3,2,1
480,UniLM,3,99,434,5,338,39,63,115,10,64,303,32,25,82,3,31,160,70,20,186,165,21,4,74,9,32,39,3,2,1
481,Docugami,3,99,118,21,399,39,63,79,10,248,303,32,25,82,2,52,143,70,20,186,165,21,75,118,9,32,39,3,2,1
482,BEiT-3,3,99,52,81,87,39,26,14,10,77,178,32,25,82,3,52,160,70,20,186,165,21,75,118,9,32,39,3,2,1
483,WizardLM,3,99,368,152,107,39,63,187,10,197,144,32,25,82,3,2,23,70,20,131,87,21,55,75,9,32,39,3,2,1
484,WizardCoder,3,99,450,197,119,39,63,118,10,91,69,32,25,82,3,7,160,70,20,95,86,21,75,118,9,32,39,3,2,1
485,Florence-2,3,99,450,234,145,39,29,184,10,134,71,32,25,82,1,52,160,70,20,186,165,21,75,118,9,32,39,3,2,1
486,FLD-5B,2,99,135,234,145,39,20,5,8,161,303,32,25,82,1,52,160,70,20,186,165,21,75,118,9,32,39,3,2,1
487,OpenOrca,2,99,392,170,285,19,38,130,8,183,90,32,25,82,3,31,159,70,20,186,165,21,75,118,9,32,39,3,2,1
488,LlongOrca,3,99,233,186,270,39,63,187,10,167,199,32,25,82,3,25,159,70,20,72,62,21,31,77,9,32,39,3,2,1
489,Phi-1.5,3,99,309,203,125,39,63,6,10,88,298,32,25,77,3,31,65,70,20,159,135,21,60,39,9,32,39,3,2,1
490,Orca 2,3,99,294,239,148,39,63,40,10,187,141,32,25,82,3,48,63,8,20,157,133,21,61,41,9,32,39,3,2,1
491,Phi-3 Mini,3,99,310,300,173,39,63,102,10,217,303,32,25,59,3,31,118,46,7,158,134,21,54,57,9,32,39,3,2,1
492,TigerBot,3,166,419,219,151,39,63,59,10,33,156,32,25,44,3,2,160,70,20,91,82,21,75,39,9,32,39,3,2,1
493,coheretext,2,42,408,36,443,10,63,73,8,248,303,4,11,27,1,52,94,70,20,186,165,21,75,118,9,32,39,3,2,1
494,Cohere Base,3,42,388,36,443,39,63,199,10,233,291,32,25,82,2,52,61,55,13,186,12,21,75,118,9,32,39,3,2,1
495,Cohere Command,3,42,417,111,219,39,63,199,10,233,46,32,25,82,2,52,61,55,13,186,12,21,75,118,9,32,39,3,2,1
496,Cohere Embed (English),3,42,384,36,443,39,63,199,10,234,303,32,25,82,2,52,95,56,14,186,13,21,75,118,9,32,39,3,2,1
497,Cohere Embed (Multilingual),3,42,418,107,368,39,63,199,10,234,303,32,25,82,2,52,95,56,14,186,13,21,75,118,9,32,39,3,2,1
498,Cohere API,1,42,94,36,197,39,69,199,10,248,48,32,25,64,2,48,46,54,2,25,165,21,75,118,9,23,7,3,2,1
499,Cohere Generate Endpoint,1,42,413,36,217,39,69,199,10,248,45,32,25,64,2,28,46,54,2,25,165,21,75,118,9,22,7,3,2,1
500,Cohere Embed Endpoint,1,42,416,36,216,39,69,199,10,248,47,32,25,64,2,28,46,54,2,25,165,21,75,118,9,19,7,3,2,1
501,Cohere Classify Endpoint,1,42,414,63,215,39,69,199,10,248,47,32,25,64,2,28,46,54,2,25,165,21,75,118,9,19,7,3,2,1
502,Cohere Summarize Endpoint,1,42,412,126,218,39,69,199,10,248,303,32,25,64,2,28,46,54,2,25,165,21,75,118,9,22,7,3,2,1
503,Cohere Embedv3 (English),3,42,42,229,370,39,63,199,10,6,303,32,25,82,2,52,160,70,20,45,35,21,75,118,9,32,39,3,2,1
504,Aya,3,44,51,269,161,39,63,40,10,119,295,32,25,82,3,2,160,70,20,46,36,21,75,118,9,32,39,3,2,1
505,Command-R,3,42,95,281,369,39,63,119,10,248,303,32,25,82,3,11,160,70,20,47,37,21,75,118,9,32,39,3,2,1
506,Aya Dataset,2,43,378,268,160,13,38,78,8,248,303,32,25,82,3,2,160,70,20,124,165,21,75,118,9,32,39,3,2,1
507,Rerank 3,3,42,335,295,198,39,63,199,10,84,303,32,25,82,2,52,28,70,20,186,165,21,75,118,9,32,39,3,2,1
508,Grok-1,3,192,171,231,260,39,63,111,10,163,303,32,25,82,3,2,37,70,20,186,164,21,75,118,9,32,39,3,2,1
509,Grok-1.5V,3,192,172,296,441,39,29,199,10,220,303,32,25,82,2,52,38,70,20,186,165,21,75,118,9,32,39,3,2,1
510,Speak,1,159,355,130,322,39,69,199,10,248,273,32,25,82,3,52,160,70,20,186,165,21,75,118,9,32,39,3,2,1
511,OceanGPT,3,190,281,266,440,39,63,187,10,127,303,32,25,82,3,31,160,70,20,185,158,21,54,61,9,32,39,3,2,1
512,BioMedLM,3,162,466,108,204,39,63,72,10,248,256,32,25,82,3,47,160,70,20,186,165,21,75,118,9,32,39,3,2,1
513,RoentGen,3,162,337,101,92,39,54,112,10,107,241,32,25,82,3,52,160,70,20,186,165,21,51,64,9,32,39,3,2,1
514,CORGI,3,162,264,173,116,39,17,31,10,148,83,32,25,82,3,31,160,70,20,186,165,21,75,115,9,32,39,3,2,1
515,Alpaca dataset,2,162,29,137,205,32,39,147,8,248,300,32,25,82,3,13,14,70,20,17,165,21,75,118,9,32,39,3,2,1
516,Alpaca,3,162,30,137,205,39,39,186,10,248,150,32,25,82,3,12,14,70,20,17,165,21,75,118,9,32,39,3,2,1
517,AutoMathText,2,95,50,269,256,29,38,73,8,171,200,32,25,82,3,15,160,70,20,137,165,21,75,118,9,32,39,3,2,1
518,Nous Hermes 2,3,119,276,252,269,39,52,187,10,39,176,32,25,82,3,2,160,70,20,68,58,21,75,118,9,32,39,3,2,1
519,YaRN LLaMA 2,3,120,458,228,124,39,63,174,10,36,141,32,25,82,3,25,160,70,20,69,59,21,75,118,9,32,39,3,2,1
520,Nous Capybara,3,119,379,235,268,39,63,118,10,248,284,32,25,82,3,31,160,70,20,67,57,21,75,118,9,32,39,3,2,1
521,YaRN Mistral,3,120,459,228,124,39,63,187,10,37,175,32,25,82,3,31,160,70,20,70,60,21,75,118,9,32,39,3,2,1
522,OpenHermes 2.5 Mistral,3,119,290,230,292,39,63,187,10,85,175,32,25,82,3,2,160,70,20,175,148,21,75,118,9,32,39,3,2,1
523,Hermes 2 Pro-Mistral,3,118,175,280,267,39,63,187,10,232,173,32,25,60,3,2,108,70,20,66,56,21,75,118,9,32,39,3,2,1
524,Genstruct,3,118,161,279,266,39,63,187,10,248,303,32,25,82,3,2,109,70,20,65,55,21,75,118,9,32,39,3,2,1
525,Megatron-LM,3,109,248,20,17,39,63,66,10,248,303,32,25,82,1,52,160,70,20,186,165,21,62,32,9,32,39,3,2,1
526,MineDojo,2,109,466,69,43,39,43,181,8,248,287,32,25,82,3,31,160,70,20,186,165,21,75,118,9,32,39,3,2,1
527,VIMA dataset,2,110,466,91,373,39,20,76,8,248,246,32,25,82,3,31,160,70,20,186,165,21,75,118,9,32,39,3,2,1
528,VIMA,3,110,466,91,373,39,28,77,10,248,303,32,25,82,3,31,160,70,20,186,165,21,75,118,9,32,39,3,2,1
529,Nemotron 4,3,122,273,275,165,39,52,49,10,121,303,32,25,14,3,52,160,70,20,186,165,21,8,33,9,32,39,3,2,1
530,BigTrans,3,78,61,166,114,39,63,40,10,199,143,32,25,82,3,2,13,70,20,59,48,21,75,15,9,32,39,3,2,1
531,YAYI 2,3,78,456,251,152,39,63,109,10,129,303,32,25,76,3,48,160,70,20,183,156,21,75,116,9,32,39,3,2,1
532,YaLM,3,188,457,70,312,39,63,18,10,248,255,32,25,82,3,2,160,70,20,186,165,21,75,114,9,32,39,3,2,1
533,Yandex Search,1,188,460,71,312,39,69,199,10,248,283,32,25,82,3,48,160,70,20,186,165,21,75,118,9,32,38,3,2,1
534,Continue,1,47,100,183,200,39,69,199,10,248,91,32,25,82,3,2,160,70,20,186,165,21,75,118,9,32,9,3,2,1
535,GOAT,3,112,151,162,110,39,63,187,10,190,145,32,25,40,3,2,41,70,20,186,165,21,75,23,9,32,39,3,2,1
536,OpenMoE,3,113,292,253,244,39,63,118,10,112,224,32,25,82,3,2,160,70,20,78,68,21,75,118,9,32,39,3,2,1
537,Baichuan 2,3,16,58,205,128,39,63,40,10,110,303,32,25,82,3,2,160,70,20,98,165,21,75,6,9,32,39,3,2,1
538,Wu Dao dataset,2,21,466,15,434,39,20,199,8,248,303,32,25,82,1,52,160,70,20,186,165,21,75,118,9,32,39,3,2,1
539,Wu Dao 2.0,3,21,466,15,434,39,20,12,10,248,279,32,25,82,1,52,160,70,20,186,165,21,75,118,9,32,39,3,2,1
540,JudgeLM,3,21,205,224,140,39,63,40,10,103,269,32,25,82,3,2,71,70,20,41,30,21,75,67,9,32,39,3,2,1
541,JudgeLM Dataset,2,21,204,224,284,39,42,20,8,248,5,32,25,82,3,11,126,70,20,123,165,21,75,118,9,32,39,3,2,1
542,SegMamba,3,69,351,259,153,39,32,199,10,24,303,32,25,82,3,2,160,70,20,186,165,21,6,47,9,32,39,3,2,1
543,BGE M3 Embedding,3,23,53,265,157,39,63,199,10,132,303,32,25,82,3,31,160,70,20,42,31,21,19,36,9,32,39,3,2,1
544,EVA-CLIP,3,22,43,266,159,39,29,62,10,151,30,32,25,82,3,31,160,70,20,40,29,21,75,44,9,32,39,3,2,1
545,Luminous dataset,2,6,407,56,443,39,38,199,8,248,303,32,25,82,1,52,160,70,20,186,165,21,75,118,9,32,39,3,2,1
546,Luminous,3,6,234,56,366,39,63,75,10,248,159,32,25,82,2,52,160,70,20,186,165,21,75,118,9,32,39,3,2,1
547,Aleph Alpha API,1,6,377,33,380,39,69,199,10,248,160,32,25,82,2,52,160,70,20,186,165,21,75,118,9,15,25,3,2,1
548,MAGMA,3,6,36,95,78,39,29,170,10,141,98,32,25,82,3,31,160,70,20,186,165,21,75,38,9,32,39,3,2,1
549,Robin AI,1,147,336,304,422,39,69,199,10,248,8,32,25,82,2,52,160,70,20,186,165,21,75,118,9,32,33,3,2,1
550,Juni Tutor Bot,1,81,37,304,301,39,69,199,10,248,8,32,25,82,2,52,160,70,20,186,165,21,75,118,9,32,39,3,2,1
551,LAION-1B,2,7,466,124,100,39,20,63,8,248,135,32,22,82,1,52,160,70,20,186,165,21,75,118,9,32,39,3,2,1
552,Composer,3,7,466,124,100,39,25,129,10,248,116,32,25,82,1,52,160,70,20,186,165,21,75,118,9,32,39,3,2,1
553,Qwen,3,7,319,188,67,39,29,42,10,67,303,32,25,68,3,48,160,70,6,186,69,21,75,118,9,32,39,3,2,1
554,Qwen 1.5,3,7,321,264,341,39,63,179,10,16,303,32,25,82,3,48,160,70,20,79,70,21,75,118,9,32,39,3,2,1
555,Qwen 1.5 MoE,3,142,322,291,340,39,63,43,10,16,303,32,25,82,3,48,160,70,20,80,71,21,75,118,9,32,39,3,2,1
556,SeaLLM v2.5,3,50,350,296,231,39,63,185,10,226,107,32,25,15,3,48,110,47,20,88,79,21,75,118,9,32,39,3,2,1
557,OpenWebMath,2,177,293,215,133,2,41,41,8,20,50,32,25,16,3,36,54,9,20,138,165,21,75,118,9,32,39,3,2,1
558,Orion,3,132,295,256,241,39,63,42,10,101,303,32,25,82,3,48,160,70,20,77,67,21,75,118,9,32,39,3,2,1
559,SambaLingo,3,150,347,274,347,39,63,199,10,104,158,32,25,82,3,25,160,36,20,166,142,21,75,118,9,32,39,3,2,1
560,Samba 1,3,150,346,276,346,39,63,66,10,248,157,32,25,82,2,52,160,70,20,186,165,21,75,118,9,32,39,3,2,1
561,LP-MusicCaps,2,158,218,185,122,39,69,68,8,53,179,32,25,82,3,19,160,70,20,186,165,21,75,118,9,32,39,3,2,1
562,SciPhi Mistral,3,152,349,233,275,39,63,187,10,248,175,32,25,82,3,31,160,70,20,87,78,21,75,118,9,32,39,3,2,1
563,Notus,3,11,275,244,13,39,63,187,10,70,264,32,25,82,3,31,11,70,20,108,101,21,75,76,9,32,39,3,2,1
564,Amber,3,90,33,247,405,39,63,187,10,114,12,32,25,82,3,2,158,70,20,61,50,21,75,60,9,32,39,3,2,1
565,CrystalCoder,3,90,107,247,405,39,52,187,10,62,237,32,25,82,3,2,158,70,20,62,51,21,75,112,9,32,39,3,2,1
566,Duolingo Explain My Answer,1,57,133,138,177,39,69,199,10,248,92,32,25,82,2,48,160,70,20,186,165,21,75,118,9,32,29,3,2,1
567,Duolingo Max,1,57,121,138,177,39,69,199,10,248,66,32,25,82,2,48,160,70,20,186,165,21,75,118,9,32,39,3,2,1
568,Duolingo Role Play,1,57,338,138,177,39,69,199,10,248,92,32,25,82,2,48,160,70,20,186,165,21,75,118,9,32,29,3,2,1
